representation,clustering_method,seed,params,clustering_time_s,error,n_clusters,noise_count,noise_ratio,silhouette,calinski_harabasz,davies_bouldin,silhouette_all,calinski_harabasz_all,davies_bouldin_all,inertia,bic,aic,stage_dir,parameter_value,parameter_type,parameter_note
tfidf,agglomerative,101,"{""linkage"": ""ward"", ""n_clusters"": 10}",82.678,,10,0,0.0,0.1528014093637466,1468.0950407007751,2.481955764492377,,,,,,,primary_k_sensitivity_seed101,10,k,Explicit k/n_components sensitivity value.
tfidf,agglomerative,101,"{""linkage"": ""ward"", ""n_clusters"": 20}",60.702,,20,0,0.0,0.3035123348236084,1682.8157861077293,1.8070999667446928,,,,,,,primary_k_sensitivity_seed101,20,k,Explicit k/n_components sensitivity value.
tfidf,agglomerative,101,"{""linkage"": ""ward"", ""n_clusters"": 50}",60.196,,50,0,0.0,0.6720614433288574,3784.840908596308,0.9533575135053686,,,,,,,primary_k_sensitivity_seed101,50,k,Explicit k/n_components sensitivity value.
tfidf,kmeans,101,"{""n_clusters"": 10}",3.389,,10,0,0.0,0.135318323969841,1333.116710363929,2.35797603176228,,,,2016110.125,,,primary_k_sensitivity_seed101,10,k,Explicit k/n_components sensitivity value.
tfidf,kmeans,101,"{""n_clusters"": 20}",6.526,,20,0,0.0,0.2004419863224029,1599.3986552156316,1.6006319685238828,,,,1554701.125,,,primary_k_sensitivity_seed101,20,k,Explicit k/n_components sensitivity value.
tfidf,kmeans,101,"{""n_clusters"": 50}",16.978,,50,0,0.0,0.67885822057724,4027.6360462865896,0.8866353846592437,,,,504942.53125,,,primary_k_sensitivity_seed101,50,k,Explicit k/n_components sensitivity value.
tfidf,dbscan,101,"{""eps"": 0.572328, ""metric"": ""euclidean"", ""min_samples"": 5}",16.649,,629,4447,0.08894,0.9284574389457704,96684.63838455932,0.2088750339048705,0.7839799523353577,418.2473152838765,1.058155524742141,,,,primary_k_sensitivity_seed101,"eps=0.5723, min_samples=5",density_params,DBSCAN/HDBSCAN do not use k directly; density grid is summarized instead.
tfidf,dbscan,101,"{""eps"": 1.145477, ""metric"": ""euclidean"", ""min_samples"": 10}",16.728,,322,4507,0.09014,0.908784568309784,35633.2918375206,0.2532258079464264,0.7774193286895752,772.1021489269747,1.0638186022260208,,,,primary_k_sensitivity_seed101,"eps=1.145, min_samples=10",density_params,DBSCAN/HDBSCAN do not use k directly; density grid is summarized instead.
tfidf,dbscan,101,"{""eps"": 1.694066, ""metric"": ""euclidean"", ""min_samples"": 5}",17.332,,475,2156,0.04312,0.8682541251182556,11018.671290567836,0.3312382672905396,0.8122120499610901,1050.7913673854694,1.102122790504074,,,,primary_k_sensitivity_seed101,"eps=1.694, min_samples=5",density_params,DBSCAN/HDBSCAN do not use k directly; density grid is summarized instead.
tfidf,dbscan,101,"{""eps"": 2.661232, ""metric"": ""euclidean"", ""min_samples"": 10}",24.405,,231,2048,0.04096,0.7102352380752563,2278.2163591293224,0.6655146942340701,0.6564725637435913,1142.4985782347303,1.1186281578805315,,,,primary_k_sensitivity_seed101,"eps=2.661, min_samples=10",density_params,DBSCAN/HDBSCAN do not use k directly; density grid is summarized instead.
tfidf,dbscan,101,"{""eps"": 2.913373, ""metric"": ""euclidean"", ""min_samples"": 5}",23.945,,311,1011,0.02022,0.6588907241821289,1230.1121090519628,0.7423101983860484,0.6301014423370361,909.4525258346504,1.114568290326431,,,,primary_k_sensitivity_seed101,"eps=2.913, min_samples=5",density_params,DBSCAN/HDBSCAN do not use k directly; density grid is summarized instead.
tfidf,dbscan,101,"{""eps"": 3.966846, ""metric"": ""euclidean"", ""min_samples"": 10}",25.874,,123,857,0.01714,0.4100671410560608,854.205855837068,0.8240680098978452,0.3986297249794006,769.9833448531472,1.1613614416753626,,,,primary_k_sensitivity_seed101,"eps=3.967, min_samples=10",density_params,DBSCAN/HDBSCAN do not use k directly; density grid is summarized instead.
tfidf,hdbscan,101,"{""allow_single_cluster"": false, ""metric"": ""euclidean"", ""min_cluster_size"": 15, ""min_samples"": null}",82.884,,368,5091,0.10182,0.9283137917518616,14654.354164325749,0.3868281991961196,0.7676984667778015,694.2208551607314,1.0349600377782249,,,,primary_k_sensitivity_seed101,min_cluster_size=15,density_params,DBSCAN/HDBSCAN do not use k directly; density grid is summarized instead.
tfidf,hdbscan,101,"{""allow_single_cluster"": false, ""metric"": ""euclidean"", ""min_cluster_size"": 30, ""min_samples"": null}",87.93,,190,5397,0.10794,0.9218456745147704,14222.372063993904,0.3854056195717769,0.7594988346099854,1064.1232412964189,1.1325806419112774,,,,primary_k_sensitivity_seed101,min_cluster_size=30,density_params,DBSCAN/HDBSCAN do not use k directly; density grid is summarized instead.
tfidf,hdbscan,101,"{""allow_single_cluster"": false, ""metric"": ""euclidean"", ""min_cluster_size"": 50, ""min_samples"": null}",88.996,,118,5558,0.11116,0.909353494644165,11904.125430083865,0.428587951027766,0.7548356652259827,1442.101004210656,1.2278516769077732,,,,primary_k_sensitivity_seed101,min_cluster_size=50,density_params,DBSCAN/HDBSCAN do not use k directly; density grid is summarized instead.
tfidf,gmm,101,"{""covariance_type"": ""diag"", ""n_components"": 10, ""reg_covar"": 0.0001}",1.063,,10,0,0.0,0.201203167438507,1257.5251362176307,3.2932534767588613,,,,,-3254651.625486745,-3263550.781775715,primary_k_sensitivity_seed101,10,n_components,Explicit k/n_components sensitivity value.
tfidf,gmm,101,"{""covariance_type"": ""diag"", ""n_components"": 10, ""reg_covar"": 0.001}",1.363,,10,0,0.0,0.2024730741977691,1265.4332533466434,3.2838150301949938,,,,,-1917423.4802070968,-1926322.6364960668,primary_k_sensitivity_seed101,10,n_components,Explicit k/n_components sensitivity value.
tfidf,gmm,101,"{""covariance_type"": ""diag"", ""n_components"": 10, ""reg_covar"": 1e-05}",1.125,,10,0,0.0,0.2009992152452469,1256.1949134135264,3.295013226399724,,,,,-3983273.367078754,-3992172.523367724,primary_k_sensitivity_seed101,10,n_components,Explicit k/n_components sensitivity value.
tfidf,gmm,101,"{""covariance_type"": ""diag"", ""n_components"": 10, ""reg_covar"": 1e-06}",1.13,,10,0,0.0,0.201284721493721,1251.9705414331338,3.2440549028017287,,,,,-4363040.197391475,-4371939.353680445,primary_k_sensitivity_seed101,10,n_components,Explicit k/n_components sensitivity value.
tfidf,gmm,101,"{""covariance_type"": ""diag"", ""n_components"": 20, ""reg_covar"": 0.0001}",1.552,,20,0,0.0,0.4115136265754699,1399.932889945973,2.2073812019334285,,,,,-5775174.083301206,-5792981.215657431,primary_k_sensitivity_seed101,20,n_components,Explicit k/n_components sensitivity value.
tfidf,gmm,101,"{""covariance_type"": ""diag"", ""n_components"": 20, ""reg_covar"": 0.001}",1.813,,20,0,0.0,0.4167608320713043,1427.7303610847052,2.207105102239021,,,,,-3664889.858924425,-3682696.99128065,primary_k_sensitivity_seed101,20,n_components,Explicit k/n_components sensitivity value.
tfidf,gmm,101,"{""covariance_type"": ""diag"", ""n_components"": 20, ""reg_covar"": 1e-05}",1.653,,20,0,0.0,0.4269572794437408,1396.9485035081648,2.278683860699946,,,,,-9339793.637744697,-9357600.77010092,primary_k_sensitivity_seed101,20,n_components,Explicit k/n_components sensitivity value.
tfidf,gmm,101,"{""covariance_type"": ""diag"", ""n_components"": 20, ""reg_covar"": 1e-06}",1.554,,20,0,0.0,0.4261581599712372,1389.0800969565616,2.2787681510461,,,,,-11589369.271546615,-11607176.403902842,primary_k_sensitivity_seed101,20,n_components,Explicit k/n_components sensitivity value.
tfidf,gmm,101,"{""covariance_type"": ""diag"", ""n_components"": 50, ""reg_covar"": 0.0001}",3.884,,50,0,0.0,0.634208619594574,2409.94751271767,1.6752149931332596,,,,,-9362950.542868542,-9407481.60342653,primary_k_sensitivity_seed101,50,n_components,Explicit k/n_components sensitivity value.
tfidf,gmm,101,"{""covariance_type"": ""diag"", ""n_components"": 50, ""reg_covar"": 0.001}",3.791,,50,0,0.0,0.6437641382217407,2517.71570914305,1.6413356565466908,,,,,-6340048.701899822,-6384579.762457809,primary_k_sensitivity_seed101,50,n_components,Explicit k/n_components sensitivity value.
tfidf,gmm,101,"{""covariance_type"": ""diag"", ""n_components"": 50, ""reg_covar"": 1e-05}",4.086,,50,0,0.0,0.6296460628509521,2355.257592614215,1.653368544951072,,,,,-12023418.54731205,-12067949.607870037,primary_k_sensitivity_seed101,50,n_components,Explicit k/n_components sensitivity value.
tfidf,gmm,101,"{""covariance_type"": ""diag"", ""n_components"": 50, ""reg_covar"": 1e-06}",7.718,,50,0,0.0,0.6203263401985168,2214.031281952026,1.7092811110087751,,,,,-14613211.88280328,-14657742.943361267,primary_k_sensitivity_seed101,50,n_components,Explicit k/n_components sensitivity value.
word2vec,agglomerative,101,"{""linkage"": ""ward"", ""n_clusters"": 10}",69.32,,10,0,0.0,0.2673136591911316,1026.1713355941777,3.0477549843716174,,,,,,,primary_k_sensitivity_seed101,10,k,Explicit k/n_components sensitivity value.
word2vec,agglomerative,101,"{""linkage"": ""ward"", ""n_clusters"": 20}",68.838,,20,0,0.0,0.3917911946773529,1119.0687049334424,2.328624609794905,,,,,,,primary_k_sensitivity_seed101,20,k,Explicit k/n_components sensitivity value.
word2vec,agglomerative,101,"{""linkage"": ""ward"", ""n_clusters"": 50}",67.909,,50,0,0.0,0.5364800095558167,1282.525147380026,1.7473214868815905,,,,,,,primary_k_sensitivity_seed101,50,k,Explicit k/n_components sensitivity value.
word2vec,kmeans,101,"{""n_clusters"": 10}",2.659,,10,0,0.0,0.0830130353569984,993.8181588956788,2.6851401942911752,,,,2120565.25,,,primary_k_sensitivity_seed101,10,k,Explicit k/n_components sensitivity value.
word2vec,kmeans,101,"{""n_clusters"": 20}",4.671,,20,0,0.0,0.21819369494915,1098.1593753089633,1.90236186733627,,,,1763716.5,,,primary_k_sensitivity_seed101,20,k,Explicit k/n_components sensitivity value.
word2vec,kmeans,101,"{""n_clusters"": 50}",12.016,,50,0,0.0,0.5025744438171387,1382.8763363572311,1.4660161032680594,,,,1060871.875,,,primary_k_sensitivity_seed101,50,k,Explicit k/n_components sensitivity value.
word2vec,dbscan,101,"{""eps"": 2.351011, ""metric"": ""euclidean"", ""min_samples"": 5}",13.328,,664,6813,0.13626,0.8870691657066345,5110.839390527443,0.4702303655614179,0.6906890273094177,146.02343355337246,1.3073815798015416,,,,primary_k_sensitivity_seed101,"eps=2.351, min_samples=5",density_params,DBSCAN/HDBSCAN do not use k directly; density grid is summarized instead.
word2vec,dbscan,101,"{""eps"": 3.321065, ""metric"": ""euclidean"", ""min_samples"": 10}",15.735,,240,6354,0.12708,0.7087646722793579,1317.580616384217,0.7103498260790491,0.5580124258995056,282.8908939998572,1.366157148973801,,,,primary_k_sensitivity_seed101,"eps=3.321, min_samples=10",density_params,DBSCAN/HDBSCAN do not use k directly; density grid is summarized instead.
word2vec,dbscan,101,"{""eps"": 4.11729, ""metric"": ""euclidean"", ""min_samples"": 5}",27.458,,342,3057,0.06114,0.2959591448307037,245.53036607615832,0.5778324584415523,0.24508136510849,157.6927778018198,1.2577964606472287,,,,primary_k_sensitivity_seed101,"eps=4.117, min_samples=5",density_params,DBSCAN/HDBSCAN do not use k directly; density grid is summarized instead.
word2vec,dbscan,101,"{""eps"": 5.158165, ""metric"": ""euclidean"", ""min_samples"": 10}",64.494,,143,2866,0.05732,0.3104987740516662,334.83477174292983,0.6227340893634895,0.2566170990467071,231.1340560162484,1.3511474206503111,,,,primary_k_sensitivity_seed101,"eps=5.158, min_samples=10",density_params,DBSCAN/HDBSCAN do not use k directly; density grid is summarized instead.
word2vec,dbscan,101,"{""eps"": 5.780968, ""metric"": ""euclidean"", ""min_samples"": 5}",114.227,,202,1453,0.02906,0.3167169094085693,214.62453804626875,0.6063702081914267,0.2850992679595947,177.40665917522912,1.293533797090516,,,,primary_k_sensitivity_seed101,"eps=5.781, min_samples=5",density_params,DBSCAN/HDBSCAN do not use k directly; density grid is summarized instead.
word2vec,dbscan,101,"{""eps"": 7.085405, ""metric"": ""euclidean"", ""min_samples"": 10}",191.726,,66,1316,0.02632,0.3361707627773285,322.81823984784165,0.5758177634142985,0.3210400938987732,274.1324877086837,1.3817142347506408,,,,primary_k_sensitivity_seed101,"eps=7.085, min_samples=10",density_params,DBSCAN/HDBSCAN do not use k directly; density grid is summarized instead.
word2vec,hdbscan,101,"{""allow_single_cluster"": false, ""metric"": ""euclidean"", ""min_cluster_size"": 15, ""min_samples"": null}",53.049,,393,8310,0.1662,0.9104750156402588,3056.0021170397654,1.29372263932656,0.6782260537147522,202.74860526647564,1.9094169533526504,,,,primary_k_sensitivity_seed101,min_cluster_size=15,density_params,DBSCAN/HDBSCAN do not use k directly; density grid is summarized instead.
word2vec,hdbscan,101,"{""allow_single_cluster"": false, ""metric"": ""euclidean"", ""min_cluster_size"": 30, ""min_samples"": null}",58.035,,204,10067,0.20134,0.90987229347229,4153.291017569147,1.865382613659752,0.6368251442909241,268.0354435438396,2.456810675211279,,,,primary_k_sensitivity_seed101,min_cluster_size=30,density_params,DBSCAN/HDBSCAN do not use k directly; density grid is summarized instead.
word2vec,hdbscan,101,"{""allow_single_cluster"": false, ""metric"": ""euclidean"", ""min_cluster_size"": 50, ""min_samples"": null}",62.365,,131,11703,0.23406,0.9125378131866456,5166.353590788577,2.4763866352993835,0.6033008694648743,323.7840792793683,3.014903885988822,,,,primary_k_sensitivity_seed101,min_cluster_size=50,density_params,DBSCAN/HDBSCAN do not use k directly; density grid is summarized instead.
word2vec,gmm,101,"{""covariance_type"": ""diag"", ""n_components"": 10, ""reg_covar"": 0.0001}",0.927,,10,0,0.0,0.2568269670009613,871.8679372787055,3.2280792188765006,,,,,-362923.023223724,-371822.179512694,primary_k_sensitivity_seed101,10,n_components,Explicit k/n_components sensitivity value.
word2vec,gmm,101,"{""covariance_type"": ""diag"", ""n_components"": 10, ""reg_covar"": 0.001}",0.956,,10,0,0.0,0.2568791508674621,873.0649442814802,3.22798416888468,,,,,449044.2667272848,440145.1104383149,primary_k_sensitivity_seed101,10,n_components,Explicit k/n_components sensitivity value.
word2vec,gmm,101,"{""covariance_type"": ""diag"", ""n_components"": 10, ""reg_covar"": 1e-05}",0.807,,10,0,0.0,0.2592024505138397,866.9562736599028,3.260791800222936,,,,,-1034229.5166282062,-1043128.6729171764,primary_k_sensitivity_seed101,10,n_components,Explicit k/n_components sensitivity value.
word2vec,gmm,101,"{""covariance_type"": ""diag"", ""n_components"": 10, ""reg_covar"": 1e-06}",0.833,,10,0,0.0,0.2592024505138397,866.9562736599028,3.260791800222936,,,,,-1611418.936014456,-1620318.092303426,primary_k_sensitivity_seed101,10,n_components,Explicit k/n_components sensitivity value.
word2vec,gmm,101,"{""covariance_type"": ""diag"", ""n_components"": 20, ""reg_covar"": 0.0001}",1.923,,20,0,0.0,0.4221230447292328,935.4516791587472,3.0300630251810925,,,,,-4427645.811662067,-4445452.944018291,primary_k_sensitivity_seed101,20,n_components,Explicit k/n_components sensitivity value.
word2vec,gmm,101,"{""covariance_type"": ""diag"", ""n_components"": 20, ""reg_covar"": 0.001}",1.902,,20,0,0.0,0.4228486716747284,947.076506844562,3.028229044983401,,,,,-2344006.0141629064,-2361813.146519131,primary_k_sensitivity_seed101,20,n_components,Explicit k/n_components sensitivity value.
word2vec,gmm,101,"{""covariance_type"": ""diag"", ""n_components"": 20, ""reg_covar"": 1e-05}",1.846,,20,0,0.0,0.422122061252594,935.3978938961772,3.030287238675545,,,,,-6356046.467682595,-6373853.60003882,primary_k_sensitivity_seed101,20,n_components,Explicit k/n_components sensitivity value.
word2vec,gmm,101,"{""covariance_type"": ""diag"", ""n_components"": 20, ""reg_covar"": 1e-06}",1.95,,20,0,0.0,0.422122061252594,935.3978938961772,3.030287238675545,,,,,-8232557.390634996,-8250364.52299122,primary_k_sensitivity_seed101,20,n_components,Explicit k/n_components sensitivity value.
word2vec,gmm,101,"{""covariance_type"": ""diag"", ""n_components"": 50, ""reg_covar"": 0.0001}",6.236,,50,0,0.0,0.5373297929763794,1023.1266086934788,2.811231092144244,,,,,-5782457.833803572,-5826988.894361559,primary_k_sensitivity_seed101,50,n_components,Explicit k/n_components sensitivity value.
word2vec,gmm,101,"{""covariance_type"": ""diag"", ""n_components"": 50, ""reg_covar"": 0.001}",4.086,,50,0,0.0,0.5379942655563354,1026.788037902604,2.822873298082764,,,,,-3519344.804391323,-3563875.8649493107,primary_k_sensitivity_seed101,50,n_components,Explicit k/n_components sensitivity value.
word2vec,gmm,101,"{""covariance_type"": ""diag"", ""n_components"": 50, ""reg_covar"": 1e-05}",4.774,,50,0,0.0,0.5373889803886414,1017.666681611225,2.854793616484246,,,,,-7892880.371081544,-7937411.431639532,primary_k_sensitivity_seed101,50,n_components,Explicit k/n_components sensitivity value.
word2vec,gmm,101,"{""covariance_type"": ""diag"", ""n_components"": 50, ""reg_covar"": 1e-06}",4.5,,50,0,0.0,0.5373843908309937,1017.6612229682712,2.854766239078645,,,,,-9948695.938308338,-9993226.998866323,primary_k_sensitivity_seed101,50,n_components,Explicit k/n_components sensitivity value.
tfidf,agglomerative,123,"{""linkage"": ""ward"", ""n_clusters"": 10}",83.1,,10,0,0.0,0.1117393299937248,1452.3240525163378,2.3298917490400743,,,,,,,primary_k_sensitivity_seed123,10,k,Explicit k/n_components sensitivity value.
tfidf,agglomerative,123,"{""linkage"": ""ward"", ""n_clusters"": 20}",71.375,,20,0,0.0,0.3362551927566528,1678.8894372280083,1.7481588826834902,,,,,,,primary_k_sensitivity_seed123,20,k,Explicit k/n_components sensitivity value.
tfidf,agglomerative,123,"{""linkage"": ""ward"", ""n_clusters"": 50}",65.907,,50,0,0.0,0.6660455465316772,3762.306228926721,0.881686949966071,,,,,,,primary_k_sensitivity_seed123,50,k,Explicit k/n_components sensitivity value.
tfidf,kmeans,123,"{""n_clusters"": 10}",0.692,,10,0,0.0,0.0680504441261291,1318.7713051639385,1.859978139259568,,,,2020332.0,,,primary_k_sensitivity_seed123,10,k,Explicit k/n_components sensitivity value.
tfidf,kmeans,123,"{""n_clusters"": 20}",1.038,,20,0,0.0,0.2266946285963058,1602.869695759113,1.4835758062063955,,,,1553447.75,,,primary_k_sensitivity_seed123,20,k,Explicit k/n_components sensitivity value.
tfidf,kmeans,123,"{""n_clusters"": 50}",2.233,,50,0,0.0,0.6751145720481873,4060.225198633752,0.8759835770295485,,,,501706.25,,,primary_k_sensitivity_seed123,50,k,Explicit k/n_components sensitivity value.
tfidf,dbscan,123,"{""eps"": 0.660681, ""metric"": ""euclidean"", ""min_samples"": 5}",6.862,,636,3923,0.07846,0.924285054206848,76993.68609142226,0.2172887090606224,0.7898582220077515,479.9441764175875,1.0615509873331912,,,,primary_k_sensitivity_seed123,"eps=0.6607, min_samples=5",density_params,DBSCAN/HDBSCAN do not use k directly; density grid is summarized instead.
tfidf,dbscan,123,"{""eps"": 1.362407, ""metric"": ""euclidean"", ""min_samples"": 10}",10.33,,299,4069,0.08138,0.910674214363098,26346.755952297557,0.2373835958110867,0.7842615246772766,886.3734812498986,1.0909016568572474,,,,primary_k_sensitivity_seed123,"eps=1.362, min_samples=10",density_params,DBSCAN/HDBSCAN do not use k directly; density grid is summarized instead.
tfidf,dbscan,123,"{""eps"": 1.943028, ""metric"": ""euclidean"", ""min_samples"": 5}",7.981,,447,1910,0.0382,0.8767380714416504,8718.308198071318,0.3633812194678302,0.8107048869132996,1205.426751817508,1.0952084750788893,,,,primary_k_sensitivity_seed123,"eps=1.943, min_samples=5",density_params,DBSCAN/HDBSCAN do not use k directly; density grid is summarized instead.
tfidf,dbscan,123,"{""eps"": 2.892075, ""metric"": ""euclidean"", ""min_samples"": 10}",12.994,,217,1787,0.03574,0.6753673553466797,1961.24381328205,0.7154199163904456,0.6351905465126038,1140.574924846987,1.1533284282658056,,,,primary_k_sensitivity_seed123,"eps=2.892, min_samples=10",density_params,DBSCAN/HDBSCAN do not use k directly; density grid is summarized instead.
tfidf,dbscan,123,"{""eps"": 3.245715, ""metric"": ""euclidean"", ""min_samples"": 5}",12.17,,270,838,0.01676,0.6334556937217712,1086.9342696984586,0.7946921316966404,0.599039614200592,885.8322791334748,1.1260312193787283,,,,primary_k_sensitivity_seed123,"eps=3.246, min_samples=5",density_params,DBSCAN/HDBSCAN do not use k directly; density grid is summarized instead.
tfidf,dbscan,123,"{""eps"": 4.186361, ""metric"": ""euclidean"", ""min_samples"": 10}",17.503,,119,752,0.01504,0.3716964423656463,746.4119269226402,0.8260628490142977,0.3555441796779632,684.2515804100543,1.2008911753592717,,,,primary_k_sensitivity_seed123,"eps=4.186, min_samples=10",density_params,DBSCAN/HDBSCAN do not use k directly; density grid is summarized instead.
tfidf,hdbscan,123,"{""allow_single_cluster"": false, ""metric"": ""euclidean"", ""min_cluster_size"": 15, ""min_samples"": null}",71.661,,358,4917,0.09834,0.9250829815864564,14370.62225105517,0.3994099625797581,0.7556499242782593,706.1211226495332,1.0604226802853989,,,,primary_k_sensitivity_seed123,min_cluster_size=15,density_params,DBSCAN/HDBSCAN do not use k directly; density grid is summarized instead.
tfidf,hdbscan,123,"{""allow_single_cluster"": false, ""metric"": ""euclidean"", ""min_cluster_size"": 30, ""min_samples"": null}",76.3,,196,5589,0.11178,0.9228773713111876,13178.095166856108,0.4240369368480642,0.7349204421043396,1009.3467301981344,1.1348967423124563,,,,primary_k_sensitivity_seed123,min_cluster_size=30,density_params,DBSCAN/HDBSCAN do not use k directly; density grid is summarized instead.
tfidf,hdbscan,123,"{""allow_single_cluster"": false, ""metric"": ""euclidean"", ""min_cluster_size"": 50, ""min_samples"": null}",68.279,,119,5564,0.11128,0.910085916519165,13131.61598001608,0.4312379340964156,0.7364919185638428,1490.375291727006,1.2113627316059623,,,,primary_k_sensitivity_seed123,min_cluster_size=50,density_params,DBSCAN/HDBSCAN do not use k directly; density grid is summarized instead.
tfidf,gmm,123,"{""covariance_type"": ""diag"", ""n_components"": 10, ""reg_covar"": 0.0001}",0.819,,10,0,0.0,0.221243068575859,1232.7557936346377,2.5452460769035588,,,,,-3458974.317775961,-3467873.4740649317,primary_k_sensitivity_seed123,10,n_components,Explicit k/n_components sensitivity value.
tfidf,gmm,123,"{""covariance_type"": ""diag"", ""n_components"": 10, ""reg_covar"": 0.001}",0.901,,10,0,0.0,0.2216047048568725,1249.2981048609404,2.5508855270271824,,,,,-1629710.7912988048,-1638609.9475877748,primary_k_sensitivity_seed123,10,n_components,Explicit k/n_components sensitivity value.
tfidf,gmm,123,"{""covariance_type"": ""diag"", ""n_components"": 10, ""reg_covar"": 1e-05}",0.848,,10,0,0.0,0.2204137742519378,1230.9370303237288,2.545665752780608,,,,,-4639503.389865909,-4648402.546154879,primary_k_sensitivity_seed123,10,n_components,Explicit k/n_components sensitivity value.
tfidf,gmm,123,"{""covariance_type"": ""diag"", ""n_components"": 10, ""reg_covar"": 1e-06}",0.858,,10,0,0.0,0.2186847627162933,1223.6018469630749,2.5471609594040627,,,,,-5473083.849515108,-5481983.005804079,primary_k_sensitivity_seed123,10,n_components,Explicit k/n_components sensitivity value.
tfidf,gmm,123,"{""covariance_type"": ""diag"", ""n_components"": 20, ""reg_covar"": 0.0001}",1.455,,20,0,0.0,0.3164161145687103,1348.1684688794237,2.2016054359540225,,,,,-5095643.620277641,-5113450.752633866,primary_k_sensitivity_seed123,20,n_components,Explicit k/n_components sensitivity value.
tfidf,gmm,123,"{""covariance_type"": ""diag"", ""n_components"": 20, ""reg_covar"": 0.001}",1.366,,20,0,0.0,0.3193067014217376,1367.7675127226971,2.2076963420414204,,,,,-3258699.769480852,-3276506.9018370765,primary_k_sensitivity_seed123,20,n_components,Explicit k/n_components sensitivity value.
tfidf,gmm,123,"{""covariance_type"": ""diag"", ""n_components"": 20, ""reg_covar"": 1e-05}",1.622,,20,0,0.0,0.3138017654418945,1335.5831797941548,2.214370489913912,,,,,-6373808.983559243,-6391616.115915468,primary_k_sensitivity_seed123,20,n_components,Explicit k/n_components sensitivity value.
tfidf,gmm,123,"{""covariance_type"": ""diag"", ""n_components"": 20, ""reg_covar"": 1e-06}",1.573,,20,0,0.0,0.3129672706127167,1334.094958241873,2.2151052231052804,,,,,-7215669.099343649,-7233476.231699874,primary_k_sensitivity_seed123,20,n_components,Explicit k/n_components sensitivity value.
tfidf,gmm,123,"{""covariance_type"": ""diag"", ""n_components"": 50, ""reg_covar"": 0.0001}",3.083,,50,0,0.0,0.6248722672462463,2429.9112508107914,1.596951720892194,,,,,-9351424.01378104,-9395955.074339028,primary_k_sensitivity_seed123,50,n_components,Explicit k/n_components sensitivity value.
tfidf,gmm,123,"{""covariance_type"": ""diag"", ""n_components"": 50, ""reg_covar"": 0.001}",3.788,,50,0,0.0,0.6354522705078125,2466.179016242931,1.6062748147899242,,,,,-6325412.912043572,-6369943.972601559,primary_k_sensitivity_seed123,50,n_components,Explicit k/n_components sensitivity value.
tfidf,gmm,123,"{""covariance_type"": ""diag"", ""n_components"": 50, ""reg_covar"": 1e-05}",4.472,,50,0,0.0,0.6128731966018677,2284.5813622011365,1.637993860249536,,,,,-12141372.302042449,-12185903.362600436,primary_k_sensitivity_seed123,50,n_components,Explicit k/n_components sensitivity value.
tfidf,gmm,123,"{""covariance_type"": ""diag"", ""n_components"": 50, ""reg_covar"": 1e-06}",4.509,,50,0,0.0,0.6110256314277649,2266.5475743927886,1.6425657217570595,,,,,-14518166.900485916,-14562697.961043904,primary_k_sensitivity_seed123,50,n_components,Explicit k/n_components sensitivity value.
word2vec,agglomerative,123,"{""linkage"": ""ward"", ""n_clusters"": 10}",104.973,,10,0,0.0,0.2817869484424591,1035.025173805642,2.9891530173122898,,,,,,,primary_k_sensitivity_seed123,10,k,Explicit k/n_components sensitivity value.
word2vec,agglomerative,123,"{""linkage"": ""ward"", ""n_clusters"": 20}",110.243,,20,0,0.0,0.3840786814689636,1115.3905733476292,2.361265659712573,,,,,,,primary_k_sensitivity_seed123,20,k,Explicit k/n_components sensitivity value.
word2vec,agglomerative,123,"{""linkage"": ""ward"", ""n_clusters"": 50}",106.869,,50,0,0.0,0.5122844576835632,1254.3146098328707,1.7054998794870455,,,,,,,primary_k_sensitivity_seed123,50,k,Explicit k/n_components sensitivity value.
word2vec,kmeans,123,"{""n_clusters"": 10}",1.036,,10,0,0.0,0.0711394250392913,959.1113722049128,2.721661163195336,,,,2131879.75,,,primary_k_sensitivity_seed123,10,k,Explicit k/n_components sensitivity value.
word2vec,kmeans,123,"{""n_clusters"": 20}",1.89,,20,0,0.0,0.1625394970178604,1079.4486412521328,1.755421902152219,,,,1772609.125,,,primary_k_sensitivity_seed123,20,k,Explicit k/n_components sensitivity value.
word2vec,kmeans,123,"{""n_clusters"": 50}",3.946,,50,0,0.0,0.5083204507827759,1375.8808327381332,1.6533965581244483,,,,1063964.0,,,primary_k_sensitivity_seed123,50,k,Explicit k/n_components sensitivity value.
word2vec,dbscan,123,"{""eps"": 2.150507, ""metric"": ""euclidean"", ""min_samples"": 5}",9.186,,683,6853,0.13706,0.8889853358268738,6033.604577760285,0.4467425911683514,0.6831737160682678,146.6025863123927,1.293758683522794,,,,primary_k_sensitivity_seed123,"eps=2.151, min_samples=5",density_params,DBSCAN/HDBSCAN do not use k directly; density grid is summarized instead.
word2vec,dbscan,123,"{""eps"": 3.074478, ""metric"": ""euclidean"", ""min_samples"": 10}",17.589,,273,6550,0.131,0.75677490234375,1772.0059956228574,0.6702288874558665,0.5878662467002869,268.7612473399637,1.384549729901407,,,,primary_k_sensitivity_seed123,"eps=3.074, min_samples=10",density_params,DBSCAN/HDBSCAN do not use k directly; density grid is summarized instead.
word2vec,dbscan,123,"{""eps"": 3.913203, ""metric"": ""euclidean"", ""min_samples"": 5}",12.445,,371,3060,0.0612,0.33863365650177,296.64428059642586,0.6478839062412171,0.2814003527164459,178.94487267463543,1.2562885306595717,,,,primary_k_sensitivity_seed123,"eps=3.913, min_samples=5",density_params,DBSCAN/HDBSCAN do not use k directly; density grid is summarized instead.
word2vec,dbscan,123,"{""eps"": 4.889787, ""metric"": ""euclidean"", ""min_samples"": 10}",56.857,,156,2854,0.05708,0.2892361879348755,336.3958882816562,0.6090777761537299,0.2754910588264465,231.60708512139448,1.305986822628062,,,,primary_k_sensitivity_seed123,"eps=4.89, min_samples=10",density_params,DBSCAN/HDBSCAN do not use k directly; density grid is summarized instead.
word2vec,dbscan,123,"{""eps"": 5.531999, ""metric"": ""euclidean"", ""min_samples"": 5}",47.487,,223,1512,0.03024,0.2868468463420868,210.57965333830887,0.6106904494860051,0.2723749876022339,172.99821918566545,1.262808021247223,,,,primary_k_sensitivity_seed123,"eps=5.532, min_samples=5",density_params,DBSCAN/HDBSCAN do not use k directly; density grid is summarized instead.
word2vec,dbscan,123,"{""eps"": 6.868514, ""metric"": ""euclidean"", ""min_samples"": 10}",165.021,,75,1413,0.02826,0.3460480868816376,312.5488895834584,0.5550758956763393,0.3300405442714691,263.26250334585484,1.306803804173637,,,,primary_k_sensitivity_seed123,"eps=6.869, min_samples=10",density_params,DBSCAN/HDBSCAN do not use k directly; density grid is summarized instead.
word2vec,hdbscan,123,"{""allow_single_cluster"": false, ""metric"": ""euclidean"", ""min_cluster_size"": 15, ""min_samples"": null}",55.188,,391,7691,0.15382,0.8992664813995361,2960.111718539892,1.2606913401971978,0.6730737090110779,229.42213790821413,1.896244801112792,,,,primary_k_sensitivity_seed123,min_cluster_size=15,density_params,DBSCAN/HDBSCAN do not use k directly; density grid is summarized instead.
word2vec,hdbscan,123,"{""allow_single_cluster"": false, ""metric"": ""euclidean"", ""min_cluster_size"": 30, ""min_samples"": null}",60.631,,206,9703,0.19406,0.9065148234367372,3682.0687441451582,1.810971343434944,0.6244226694107056,276.8085529778144,2.440964187531156,,,,primary_k_sensitivity_seed123,min_cluster_size=30,density_params,DBSCAN/HDBSCAN do not use k directly; density grid is summarized instead.
word2vec,hdbscan,123,"{""allow_single_cluster"": false, ""metric"": ""euclidean"", ""min_cluster_size"": 50, ""min_samples"": null}",83.406,,129,11600,0.232,0.9094730615615844,4813.926568472389,2.4640478270735584,0.5904406905174255,322.5603891206989,3.064817103936452,,,,primary_k_sensitivity_seed123,min_cluster_size=50,density_params,DBSCAN/HDBSCAN do not use k directly; density grid is summarized instead.
word2vec,gmm,123,"{""covariance_type"": ""diag"", ""n_components"": 10, ""reg_covar"": 0.0001}",0.969,,10,0,0.0,0.2520806193351745,787.4923476035096,3.5512143080579435,,,,,-278811.9374297682,-287711.0937187382,primary_k_sensitivity_seed123,10,n_components,Explicit k/n_components sensitivity value.
word2vec,gmm,123,"{""covariance_type"": ""diag"", ""n_components"": 10, ""reg_covar"": 0.001}",1.061,,10,0,0.0,0.252079576253891,787.509878247346,3.5514534772716635,,,,,279136.49998332333,270237.34369435336,primary_k_sensitivity_seed123,10,n_components,Explicit k/n_components sensitivity value.
word2vec,gmm,123,"{""covariance_type"": ""diag"", ""n_components"": 10, ""reg_covar"": 1e-05}",0.898,,10,0,0.0,0.2520806193351745,787.4923476035096,3.5512143080579435,,,,,-536651.6780923607,-545550.8343813308,primary_k_sensitivity_seed123,10,n_components,Explicit k/n_components sensitivity value.
word2vec,gmm,123,"{""covariance_type"": ""diag"", ""n_components"": 10, ""reg_covar"": 1e-06}",1.003,,10,0,0.0,0.2520806193351745,787.4923476035096,3.5512143080579435,,,,,-711219.89409349,-720119.05038246,primary_k_sensitivity_seed123,10,n_components,Explicit k/n_components sensitivity value.
word2vec,gmm,123,"{""covariance_type"": ""diag"", ""n_components"": 20, ""reg_covar"": 0.0001}",4.52,,20,0,0.0,0.4352298974990845,958.4879078481736,3.112028154459946,,,,,-4894391.013561562,-4912198.145917786,primary_k_sensitivity_seed123,20,n_components,Explicit k/n_components sensitivity value.
word2vec,gmm,123,"{""covariance_type"": ""diag"", ""n_components"": 20, ""reg_covar"": 0.001}",4.723,,20,0,0.0,0.4363486766815185,964.126428864425,3.1119062910418376,,,,,-2676552.209472006,-2694359.341828231,primary_k_sensitivity_seed123,20,n_components,Explicit k/n_components sensitivity value.
word2vec,gmm,123,"{""covariance_type"": ""diag"", ""n_components"": 20, ""reg_covar"": 1e-05}",4.241,,20,0,0.0,0.4338372945785522,953.145582793466,3.1092081139945877,,,,,-7153117.167613996,-7170924.299970221,primary_k_sensitivity_seed123,20,n_components,Explicit k/n_components sensitivity value.
word2vec,gmm,123,"{""covariance_type"": ""diag"", ""n_components"": 20, ""reg_covar"": 1e-06}",4.433,,20,0,0.0,0.4338372945785522,953.145582793466,3.1092081139945877,,,,,-9240847.103568137,-9258654.23592436,primary_k_sensitivity_seed123,20,n_components,Explicit k/n_components sensitivity value.
word2vec,gmm,123,"{""covariance_type"": ""diag"", ""n_components"": 50, ""reg_covar"": 0.0001}",11.425,,50,0,0.0,0.5258585810661316,1030.122306043406,2.53167924687214,,,,,-5965613.896925495,-6010144.957483483,primary_k_sensitivity_seed123,50,n_components,Explicit k/n_components sensitivity value.
word2vec,gmm,123,"{""covariance_type"": ""diag"", ""n_components"": 50, ""reg_covar"": 0.001}",10.173,,50,0,0.0,0.530546247959137,1047.1120362595432,2.563725612234353,,,,,-3551558.9831143348,-3596090.0436723223,primary_k_sensitivity_seed123,50,n_components,Explicit k/n_components sensitivity value.
word2vec,gmm,123,"{""covariance_type"": ""diag"", ""n_components"": 50, ""reg_covar"": 1e-05}",11.089,,50,0,0.0,0.5258360505104065,1029.8559505968387,2.529565580569998,,,,,-8142830.482248411,-8187361.542806398,primary_k_sensitivity_seed123,50,n_components,Explicit k/n_components sensitivity value.
word2vec,gmm,123,"{""covariance_type"": ""diag"", ""n_components"": 50, ""reg_covar"": 1e-06}",12.413,,50,0,0.0,0.5258474946022034,1029.8912057785565,2.528854370051274,,,,,-10279866.146702545,-10324397.20726053,primary_k_sensitivity_seed123,50,n_components,Explicit k/n_components sensitivity value.
tfidf,agglomerative,42,"{""linkage"": ""ward"", ""n_clusters"": 10}",68.219,,10,0,0.0,0.1325543671846389,1441.0208107540743,2.4262504685976447,,,,,,,primary_k_sensitivity_seed42,10,k,Explicit k/n_components sensitivity value.
tfidf,agglomerative,42,"{""linkage"": ""ward"", ""n_clusters"": 20}",65.994,,20,0,0.0,0.3538386225700378,1685.7107423509071,1.85686204195302,,,,,,,primary_k_sensitivity_seed42,20,k,Explicit k/n_components sensitivity value.
tfidf,agglomerative,42,"{""linkage"": ""ward"", ""n_clusters"": 50}",67.021,,50,0,0.0,0.6867422461509705,4050.0004150841023,1.1066840454298097,,,,,,,primary_k_sensitivity_seed42,50,k,Explicit k/n_components sensitivity value.
tfidf,kmeans,42,"{""n_clusters"": 10}",0.641,,10,0,0.0,0.0734292939305305,1294.4265384203443,1.9744752232696756,,,,2027491.375,,,primary_k_sensitivity_seed42,10,k,Explicit k/n_components sensitivity value.
tfidf,kmeans,42,"{""n_clusters"": 20}",1.027,,20,0,0.0,0.2850284278392792,1631.3003631344343,1.682257940365026,,,,1543073.5,,,primary_k_sensitivity_seed42,20,k,Explicit k/n_components sensitivity value.
tfidf,kmeans,42,"{""n_clusters"": 50}",2.19,,50,0,0.0,0.6925815343856812,4240.44388079819,0.8814172539290464,,,,484516.3125,,,primary_k_sensitivity_seed42,50,k,Explicit k/n_components sensitivity value.
tfidf,dbscan,42,"{""eps"": 0.425808, ""metric"": ""euclidean"", ""min_samples"": 5}",6.53,,673,4830,0.0966,0.9220589995384216,150384.03541957293,0.1917572798489874,0.7578110098838806,373.43228320662087,1.0468159604922165,,,,primary_k_sensitivity_seed42,"eps=0.4258, min_samples=5",density_params,DBSCAN/HDBSCAN do not use k directly; density grid is summarized instead.
tfidf,dbscan,42,"{""eps"": 0.959152, ""metric"": ""euclidean"", ""min_samples"": 10}",8.453,,315,4949,0.09898,0.9237567186355592,50337.25704680483,0.232494313416909,0.7657709121704102,728.0434456229156,1.0689654042201675,,,,primary_k_sensitivity_seed42,"eps=0.9592, min_samples=10",density_params,DBSCAN/HDBSCAN do not use k directly; density grid is summarized instead.
tfidf,dbscan,42,"{""eps"": 1.538921, ""metric"": ""euclidean"", ""min_samples"": 5}",8.597,,493,2341,0.04682,0.8841471672058105,13707.446492276267,0.2967608735486579,0.8151298761367798,1028.74967517017,1.06635096681073,,,,primary_k_sensitivity_seed42,"eps=1.539, min_samples=5",density_params,DBSCAN/HDBSCAN do not use k directly; density grid is summarized instead.
tfidf,dbscan,42,"{""eps"": 2.45785, ""metric"": ""euclidean"", ""min_samples"": 10}",9.74,,250,2241,0.04482,0.8363861441612244,6031.853016789686,0.4494413798952353,0.7714870572090149,1534.1181436695756,1.108458468764589,,,,primary_k_sensitivity_seed42,"eps=2.458, min_samples=10",density_params,DBSCAN/HDBSCAN do not use k directly; density grid is summarized instead.
tfidf,dbscan,42,"{""eps"": 2.753049, ""metric"": ""euclidean"", ""min_samples"": 5}",9.746,,324,1081,0.02162,0.6940913796424866,1549.6483188553093,0.6906311717783017,0.6647132635116577,1058.6158467868026,1.1343213871052475,,,,primary_k_sensitivity_seed42,"eps=2.753, min_samples=5",density_params,DBSCAN/HDBSCAN do not use k directly; density grid is summarized instead.
tfidf,dbscan,42,"{""eps"": 3.779555, ""metric"": ""euclidean"", ""min_samples"": 10}",10.794,,138,910,0.0182,0.4487612843513489,968.4939383854364,0.7936500705121283,0.4310554265975952,851.2389959830258,1.1729127655654754,,,,primary_k_sensitivity_seed42,"eps=3.78, min_samples=10",density_params,DBSCAN/HDBSCAN do not use k directly; density grid is summarized instead.
tfidf,hdbscan,42,"{""allow_single_cluster"": false, ""metric"": ""euclidean"", ""min_cluster_size"": 15, ""min_samples"": null}",41.793,,367,5336,0.10672,0.9321172833442688,18197.630034795733,0.3970752250110873,0.7582345604896545,665.5650236413989,1.0482939992628564,,,,primary_k_sensitivity_seed42,min_cluster_size=15,density_params,DBSCAN/HDBSCAN do not use k directly; density grid is summarized instead.
tfidf,hdbscan,42,"{""allow_single_cluster"": false, ""metric"": ""euclidean"", ""min_cluster_size"": 30, ""min_samples"": null}",44.36,,190,6310,0.1262,0.927796185016632,17432.920127347796,0.3784313842189671,0.7297924757003784,918.8978531987332,1.1239328395014223,,,,primary_k_sensitivity_seed42,min_cluster_size=30,density_params,DBSCAN/HDBSCAN do not use k directly; density grid is summarized instead.
tfidf,hdbscan,42,"{""allow_single_cluster"": false, ""metric"": ""euclidean"", ""min_cluster_size"": 50, ""min_samples"": null}",43.796,,119,5750,0.115,0.9130975604057312,13966.489969335884,0.40716737326914,0.7476943135261536,1487.31251305073,1.2111668419820694,,,,primary_k_sensitivity_seed42,min_cluster_size=50,density_params,DBSCAN/HDBSCAN do not use k directly; density grid is summarized instead.
tfidf,gmm,42,"{""covariance_type"": ""diag"", ""n_components"": 10, ""reg_covar"": 0.0001}",0.669,,10,0,0.0,0.1784602105617523,1217.7380990683082,2.982687990501581,,,,,-3436433.0921510668,-3445332.248440037,primary_k_sensitivity_seed42,10,n_components,Explicit k/n_components sensitivity value.
tfidf,gmm,42,"{""covariance_type"": ""diag"", ""n_components"": 10, ""reg_covar"": 0.001}",0.745,,10,0,0.0,0.1787405014038086,1222.2569796282764,2.977596563379767,,,,,-2039143.9646236675,-2048043.120912637,primary_k_sensitivity_seed42,10,n_components,Explicit k/n_components sensitivity value.
tfidf,gmm,42,"{""covariance_type"": ""diag"", ""n_components"": 10, ""reg_covar"": 1e-05}",0.665,,10,0,0.0,0.1782606691122055,1213.1432005080248,2.988263319429881,,,,,-4158876.148382592,-4167775.304671561,primary_k_sensitivity_seed42,10,n_components,Explicit k/n_components sensitivity value.
tfidf,gmm,42,"{""covariance_type"": ""diag"", ""n_components"": 10, ""reg_covar"": 1e-06}",0.669,,10,0,0.0,0.1781648695468902,1212.286710676553,2.989484653484288,,,,,-4384573.064633434,-4393472.220922404,primary_k_sensitivity_seed42,10,n_components,Explicit k/n_components sensitivity value.
tfidf,gmm,42,"{""covariance_type"": ""diag"", ""n_components"": 20, ""reg_covar"": 0.0001}",1.27,,20,0,0.0,0.33352130651474,1408.69989098869,2.220561219142825,,,,,-5602778.7562191775,-5620585.888575402,primary_k_sensitivity_seed42,20,n_components,Explicit k/n_components sensitivity value.
tfidf,gmm,42,"{""covariance_type"": ""diag"", ""n_components"": 20, ""reg_covar"": 0.001}",1.41,,20,0,0.0,0.3368264436721802,1444.375042129566,2.204370163681902,,,,,-3667331.460204405,-3685138.59256063,primary_k_sensitivity_seed42,20,n_components,Explicit k/n_components sensitivity value.
tfidf,gmm,42,"{""covariance_type"": ""diag"", ""n_components"": 20, ""reg_covar"": 1e-05}",1.372,,20,0,0.0,0.3323942422866821,1402.845253939901,2.2232594967144435,,,,,-6841846.735785545,-6859653.868141769,primary_k_sensitivity_seed42,20,n_components,Explicit k/n_components sensitivity value.
tfidf,gmm,42,"{""covariance_type"": ""diag"", ""n_components"": 20, ""reg_covar"": 1e-06}",1.338,,20,0,0.0,0.3320387899875641,1401.0162121930348,2.223579560846459,,,,,-7494773.514876221,-7512580.647232446,primary_k_sensitivity_seed42,20,n_components,Explicit k/n_components sensitivity value.
tfidf,gmm,42,"{""covariance_type"": ""diag"", ""n_components"": 50, ""reg_covar"": 0.0001}",3.614,,50,0,0.0,0.6359530091285706,2472.418360944535,1.535201182364507,,,,,-9389163.607598238,-9433694.668156223,primary_k_sensitivity_seed42,50,n_components,Explicit k/n_components sensitivity value.
tfidf,gmm,42,"{""covariance_type"": ""diag"", ""n_components"": 50, ""reg_covar"": 0.001}",4.057,,50,0,0.0,0.6466493010520935,2643.1914140835484,1.5117456965331244,,,,,-6327502.745488586,-6372033.806046573,primary_k_sensitivity_seed42,50,n_components,Explicit k/n_components sensitivity value.
tfidf,gmm,42,"{""covariance_type"": ""diag"", ""n_components"": 50, ""reg_covar"": 1e-05}",3.772,,50,0,0.0,0.632713794708252,2427.351325059284,1.5245318642853185,,,,,-12081464.170544503,-12125995.231102493,primary_k_sensitivity_seed42,50,n_components,Explicit k/n_components sensitivity value.
tfidf,gmm,42,"{""covariance_type"": ""diag"", ""n_components"": 50, ""reg_covar"": 1e-06}",4.232,,50,0,0.0,0.6231274604797363,2256.679513132348,1.5399252267507677,,,,,-14586826.353497565,-14631357.41405555,primary_k_sensitivity_seed42,50,n_components,Explicit k/n_components sensitivity value.
word2vec,agglomerative,42,"{""linkage"": ""ward"", ""n_clusters"": 10}",74.14,,10,0,0.0,0.2513848841190338,1045.1368213416492,3.0807907532422667,,,,,,,primary_k_sensitivity_seed42,10,k,Explicit k/n_components sensitivity value.
word2vec,agglomerative,42,"{""linkage"": ""ward"", ""n_clusters"": 20}",70.942,,20,0,0.0,0.3876300752162933,1138.386894267821,2.501483355537996,,,,,,,primary_k_sensitivity_seed42,20,k,Explicit k/n_components sensitivity value.
word2vec,agglomerative,42,"{""linkage"": ""ward"", ""n_clusters"": 50}",70.09,,50,0,0.0,0.536329984664917,1310.91573652363,1.739707989202251,,,,,,,primary_k_sensitivity_seed42,50,k,Explicit k/n_components sensitivity value.
word2vec,kmeans,42,"{""n_clusters"": 10}",0.935,,10,0,0.0,0.0645201876759529,997.6727117047903,2.520024016734676,,,,2119328.0,,,primary_k_sensitivity_seed42,10,k,Explicit k/n_components sensitivity value.
word2vec,kmeans,42,"{""n_clusters"": 20}",1.554,,20,0,0.0,0.2409181147813797,1087.4199075712577,1.977465432385464,,,,1768800.625,,,primary_k_sensitivity_seed42,20,k,Explicit k/n_components sensitivity value.
word2vec,kmeans,42,"{""n_clusters"": 50}",3.351,,50,0,0.0,0.5404993891716003,1421.0714327448438,1.5858553041040773,,,,1044256.75,,,primary_k_sensitivity_seed42,50,k,Explicit k/n_components sensitivity value.
word2vec,dbscan,42,"{""eps"": 1.854439, ""metric"": ""euclidean"", ""min_samples"": 5}",7.747,,682,7593,0.15186,0.9130724668502808,10603.726097117396,0.3679274318040281,0.68630051612854,134.11885804783395,1.2717729687601786,,,,primary_k_sensitivity_seed42,"eps=1.854, min_samples=5",density_params,DBSCAN/HDBSCAN do not use k directly; density grid is summarized instead.
word2vec,dbscan,42,"{""eps"": 2.987025, ""metric"": ""euclidean"", ""min_samples"": 10}",11.69,,280,7171,0.14342,0.7762795686721802,2358.6407837434767,0.6226904416030028,0.5907859206199646,270.04759923733565,1.3320380548629205,,,,primary_k_sensitivity_seed42,"eps=2.987, min_samples=10",density_params,DBSCAN/HDBSCAN do not use k directly; density grid is summarized instead.
word2vec,dbscan,42,"{""eps"": 3.871291, ""metric"": ""euclidean"", ""min_samples"": 5}",10.625,,374,3347,0.06694,0.3736796379089355,331.6533833231042,0.6681736029335266,0.3178189992904663,186.20476030472943,1.284809992018625,,,,primary_k_sensitivity_seed42,"eps=3.871, min_samples=5",density_params,DBSCAN/HDBSCAN do not use k directly; density grid is summarized instead.
word2vec,dbscan,42,"{""eps"": 4.811705, ""metric"": ""euclidean"", ""min_samples"": 10}",39.07,,149,3164,0.06328,0.2606460750102997,364.0030669268518,0.6137586823993265,0.217223510146141,243.90331474845104,1.308596138310469,,,,primary_k_sensitivity_seed42,"eps=4.812, min_samples=10",density_params,DBSCAN/HDBSCAN do not use k directly; density grid is summarized instead.
word2vec,dbscan,42,"{""eps"": 5.561356, ""metric"": ""euclidean"", ""min_samples"": 5}",39.288,,219,1622,0.03244,0.3022514283657074,227.8929908412224,0.5900241136280938,0.2897205352783203,184.275772925579,1.274702745934268,,,,primary_k_sensitivity_seed42,"eps=5.561, min_samples=5",density_params,DBSCAN/HDBSCAN do not use k directly; density grid is summarized instead.
word2vec,dbscan,42,"{""eps"": 6.782176, ""metric"": ""euclidean"", ""min_samples"": 10}",114.814,,84,1514,0.03028,0.3181404769420624,313.48338046363506,0.5939181668603113,0.2886617481708526,262.31934392055325,1.3510885076660577,,,,primary_k_sensitivity_seed42,"eps=6.782, min_samples=10",density_params,DBSCAN/HDBSCAN do not use k directly; density grid is summarized instead.
word2vec,hdbscan,42,"{""allow_single_cluster"": false, ""metric"": ""euclidean"", ""min_cluster_size"": 15, ""min_samples"": null}",51.171,,409,8000,0.16,0.9078601598739624,3035.515267306509,1.2793559404701371,0.6785765886306763,202.1562244680053,1.89349911299184,,,,primary_k_sensitivity_seed42,min_cluster_size=15,density_params,DBSCAN/HDBSCAN do not use k directly; density grid is summarized instead.
word2vec,hdbscan,42,"{""allow_single_cluster"": false, ""metric"": ""euclidean"", ""min_cluster_size"": 30, ""min_samples"": null}",57.492,,206,9747,0.19494,0.9058692455291748,3880.7830347116624,1.84258535677516,0.6352666616439819,288.1541300576812,2.3992116407812007,,,,primary_k_sensitivity_seed42,min_cluster_size=30,density_params,DBSCAN/HDBSCAN do not use k directly; density grid is summarized instead.
word2vec,hdbscan,42,"{""allow_single_cluster"": false, ""metric"": ""euclidean"", ""min_cluster_size"": 50, ""min_samples"": null}",62.521,,131,11693,0.23386,0.9169794917106628,4811.694293005985,2.42482772232499,0.6009461879730225,330.9227384389572,2.9878766398979475,,,,primary_k_sensitivity_seed42,min_cluster_size=50,density_params,DBSCAN/HDBSCAN do not use k directly; density grid is summarized instead.
word2vec,gmm,42,"{""covariance_type"": ""diag"", ""n_components"": 10, ""reg_covar"": 0.0001}",0.788,,10,0,0.0,0.270679622888565,922.974207850428,3.5442643276196875,,,,,-2515115.540934439,-2524014.6972234086,primary_k_sensitivity_seed42,10,n_components,Explicit k/n_components sensitivity value.
word2vec,gmm,42,"{""covariance_type"": ""diag"", ""n_components"": 10, ""reg_covar"": 0.001}",0.789,,10,0,0.0,0.2533422708511352,913.387710123374,3.599362227325135,,,,,793426.7113129086,784527.5550239385,primary_k_sensitivity_seed42,10,n_components,Explicit k/n_components sensitivity value.
word2vec,gmm,42,"{""covariance_type"": ""diag"", ""n_components"": 10, ""reg_covar"": 1e-05}",0.732,,10,0,0.0,0.2705296277999878,922.1072220912988,3.544142970931748,,,,,-4367411.93465009,-4376311.09093906,primary_k_sensitivity_seed42,10,n_components,Explicit k/n_components sensitivity value.
word2vec,gmm,42,"{""covariance_type"": ""diag"", ""n_components"": 10, ""reg_covar"": 1e-06}",0.741,,10,0,0.0,0.2705296277999878,922.1072220912988,3.544142970931748,,,,,-6204541.882636467,-6213441.038925437,primary_k_sensitivity_seed42,10,n_components,Explicit k/n_components sensitivity value.
word2vec,gmm,42,"{""covariance_type"": ""diag"", ""n_components"": 20, ""reg_covar"": 0.0001}",1.35,,20,0,0.0,0.3492012917995453,944.709944956307,2.9705434973308407,,,,,-3567962.406429802,-3585769.538786026,primary_k_sensitivity_seed42,20,n_components,Explicit k/n_components sensitivity value.
word2vec,gmm,42,"{""covariance_type"": ""diag"", ""n_components"": 20, ""reg_covar"": 0.001}",1.319,,20,0,0.0,0.3492579162120819,945.798362104636,2.970154339446842,,,,,-1577120.0284723665,-1594927.1608285909,primary_k_sensitivity_seed42,20,n_components,Explicit k/n_components sensitivity value.
word2vec,gmm,42,"{""covariance_type"": ""diag"", ""n_components"": 20, ""reg_covar"": 1e-05}",1.407,,20,0,0.0,0.349207729101181,944.678942875297,2.970352901387053,,,,,-5445456.703532247,-5463263.835888471,primary_k_sensitivity_seed42,20,n_components,Explicit k/n_components sensitivity value.
word2vec,gmm,42,"{""covariance_type"": ""diag"", ""n_components"": 20, ""reg_covar"": 1e-06}",1.298,,20,0,0.0,0.349207729101181,944.678942875297,2.970352901387053,,,,,-7287692.50541982,-7305499.637776044,primary_k_sensitivity_seed42,20,n_components,Explicit k/n_components sensitivity value.
word2vec,gmm,42,"{""covariance_type"": ""diag"", ""n_components"": 50, ""reg_covar"": 0.0001}",3.487,,50,0,0.0,0.5433968901634216,1082.099768015713,2.252022746162724,,,,,-5932773.675994664,-5977304.736552651,primary_k_sensitivity_seed42,50,n_components,Explicit k/n_components sensitivity value.
word2vec,gmm,42,"{""covariance_type"": ""diag"", ""n_components"": 50, ""reg_covar"": 0.001}",4.395,,50,0,0.0,0.5473825931549072,1096.7488136545203,2.269794386188396,,,,,-3490414.1433879994,-3534945.203945987,primary_k_sensitivity_seed42,50,n_components,Explicit k/n_components sensitivity value.
word2vec,gmm,42,"{""covariance_type"": ""diag"", ""n_components"": 50, ""reg_covar"": 1e-05}",5.877,,50,0,0.0,0.5432953834533691,1073.479352824308,2.277917120006814,,,,,-8091683.974200287,-8136215.034758274,primary_k_sensitivity_seed42,50,n_components,Explicit k/n_components sensitivity value.
word2vec,gmm,42,"{""covariance_type"": ""diag"", ""n_components"": 50, ""reg_covar"": 1e-06}",5.0,,50,0,0.0,0.5426871180534363,1068.5482184367704,2.277077455942558,,,,,-10826929.745459322,-10871460.80601731,primary_k_sensitivity_seed42,50,n_components,Explicit k/n_components sensitivity value.
tfidf,agglomerative,456,"{""linkage"": ""ward"", ""n_clusters"": 10}",69.462,,10,0,0.0,0.1560936719179153,1422.8054682736604,2.4760350284644863,,,,,,,primary_k_sensitivity_seed456,10,k,Explicit k/n_components sensitivity value.
tfidf,agglomerative,456,"{""linkage"": ""ward"", ""n_clusters"": 20}",83.185,,20,0,0.0,0.3277788460254669,1651.068737403259,1.7109134730741329,,,,,,,primary_k_sensitivity_seed456,20,k,Explicit k/n_components sensitivity value.
tfidf,agglomerative,456,"{""linkage"": ""ward"", ""n_clusters"": 50}",87.324,,50,0,0.0,0.6666020750999451,3792.37080558184,0.9908375916219312,,,,,,,primary_k_sensitivity_seed456,50,k,Explicit k/n_components sensitivity value.
tfidf,kmeans,456,"{""n_clusters"": 10}",2.388,,10,0,0.0,0.1226009875535965,1405.51882481071,1.9229903015968144,,,,1995133.75,,,primary_k_sensitivity_seed456,10,k,Explicit k/n_components sensitivity value.
tfidf,kmeans,456,"{""n_clusters"": 20}",4.689,,20,0,0.0,0.2403875291347503,1596.5953363718124,1.2937795442698603,,,,1555748.0,,,primary_k_sensitivity_seed456,20,k,Explicit k/n_components sensitivity value.
tfidf,kmeans,456,"{""n_clusters"": 50}",12.158,,50,0,0.0,0.671843945980072,3959.104792892946,0.8883182172793543,,,,511899.09375,,,primary_k_sensitivity_seed456,50,k,Explicit k/n_components sensitivity value.
tfidf,dbscan,456,"{""eps"": 0.728918, ""metric"": ""euclidean"", ""min_samples"": 5}",14.481,,620,3784,0.07568,0.9195480346679688,58482.83888367013,0.2299673340101449,0.7870759963989258,499.8944181324055,1.068530447700472,,,,primary_k_sensitivity_seed456,"eps=0.7289, min_samples=5",density_params,DBSCAN/HDBSCAN do not use k directly; density grid is summarized instead.
tfidf,dbscan,456,"{""eps"": 1.440353, ""metric"": ""euclidean"", ""min_samples"": 10}",14.104,,305,3912,0.07824,0.9087732434272766,24665.021207994432,0.2585632042156208,0.7913832068443298,896.1146104312545,1.0947681982090112,,,,primary_k_sensitivity_seed456,"eps=1.44, min_samples=10",density_params,DBSCAN/HDBSCAN do not use k directly; density grid is summarized instead.
tfidf,dbscan,456,"{""eps"": 1.950793, ""metric"": ""euclidean"", ""min_samples"": 5}",15.16,,465,1815,0.0363,0.8653425574302673,4527.257051380199,0.5489076198651627,0.808490514755249,1061.1198908781132,1.0941311073523594,,,,primary_k_sensitivity_seed456,"eps=1.951, min_samples=5",density_params,DBSCAN/HDBSCAN do not use k directly; density grid is summarized instead.
tfidf,dbscan,456,"{""eps"": 3.030159, ""metric"": ""euclidean"", ""min_samples"": 10}",20.136,,206,1743,0.03486,0.6745836734771729,1758.276072413336,0.7848667567455611,0.6378942131996155,1087.3975931954044,1.1644126330947828,,,,primary_k_sensitivity_seed456,"eps=3.03, min_samples=10",density_params,DBSCAN/HDBSCAN do not use k directly; density grid is summarized instead.
tfidf,dbscan,456,"{""eps"": 3.31732, ""metric"": ""euclidean"", ""min_samples"": 5}",19.121,,268,778,0.01556,0.5671488046646118,1015.6809043272358,0.773258423257701,0.5515851378440857,838.2099956771156,1.1509278031185803,,,,primary_k_sensitivity_seed456,"eps=3.317, min_samples=5",density_params,DBSCAN/HDBSCAN do not use k directly; density grid is summarized instead.
tfidf,dbscan,456,"{""eps"": 4.301414, ""metric"": ""euclidean"", ""min_samples"": 10}",30.853,,111,726,0.01452,0.3248530626296997,638.2744861919182,0.8196892297230137,0.3171562552452087,594.1673636762887,1.159699236579527,,,,primary_k_sensitivity_seed456,"eps=4.301, min_samples=10",density_params,DBSCAN/HDBSCAN do not use k directly; density grid is summarized instead.
tfidf,hdbscan,456,"{""allow_single_cluster"": false, ""metric"": ""euclidean"", ""min_cluster_size"": 15, ""min_samples"": null}",47.534,,373,5501,0.11002,0.9271267652511596,15137.04832913947,0.4026135749941818,0.7434884905815125,608.2044836498898,1.053043300842878,,,,primary_k_sensitivity_seed456,min_cluster_size=15,density_params,DBSCAN/HDBSCAN do not use k directly; density grid is summarized instead.
tfidf,hdbscan,456,"{""allow_single_cluster"": false, ""metric"": ""euclidean"", ""min_cluster_size"": 30, ""min_samples"": null}",44.511,,190,5806,0.11612,0.9213149547576904,16943.23541119327,0.3717860589685621,0.7383462190628052,981.3901533403896,1.132162518952368,,,,primary_k_sensitivity_seed456,min_cluster_size=30,density_params,DBSCAN/HDBSCAN do not use k directly; density grid is summarized instead.
tfidf,hdbscan,456,"{""allow_single_cluster"": false, ""metric"": ""euclidean"", ""min_cluster_size"": 50, ""min_samples"": null}",46.382,,118,6013,0.12026,0.9154993295669556,14444.547627078611,0.4157105964980675,0.7359947562217712,1403.4942581584633,1.2285482547140067,,,,primary_k_sensitivity_seed456,min_cluster_size=50,density_params,DBSCAN/HDBSCAN do not use k directly; density grid is summarized instead.
tfidf,gmm,456,"{""covariance_type"": ""diag"", ""n_components"": 10, ""reg_covar"": 0.0001}",1.772,,10,0,0.0,0.1517750918865203,1260.425256180909,2.988778848789671,,,,,-3115289.568722818,-3124188.725011788,primary_k_sensitivity_seed456,10,n_components,Explicit k/n_components sensitivity value.
tfidf,gmm,456,"{""covariance_type"": ""diag"", ""n_components"": 10, ""reg_covar"": 0.001}",1.627,,10,0,0.0,0.1551808714866638,1294.4611780561174,2.985681704356033,,,,,-1753449.6507095122,-1762348.8069984822,primary_k_sensitivity_seed456,10,n_components,Explicit k/n_components sensitivity value.
tfidf,gmm,456,"{""covariance_type"": ""diag"", ""n_components"": 10, ""reg_covar"": 1e-05}",1.635,,10,0,0.0,0.1515311449766159,1254.3370233029266,2.9854395144750234,,,,,-3751346.585790584,-3760245.742079554,primary_k_sensitivity_seed456,10,n_components,Explicit k/n_components sensitivity value.
tfidf,gmm,456,"{""covariance_type"": ""diag"", ""n_components"": 10, ""reg_covar"": 1e-06}",2.397,,10,0,0.0,0.1512556821107864,1247.4276387095697,2.9840363983731253,,,,,-3973002.079392406,-3981901.235681376,primary_k_sensitivity_seed456,10,n_components,Explicit k/n_components sensitivity value.
tfidf,gmm,456,"{""covariance_type"": ""diag"", ""n_components"": 20, ""reg_covar"": 0.0001}",4.577,,20,0,0.0,0.3055899143218994,1301.072068514821,2.3186351127664357,,,,,-5455038.550035611,-5472845.682391835,primary_k_sensitivity_seed456,20,n_components,Explicit k/n_components sensitivity value.
tfidf,gmm,456,"{""covariance_type"": ""diag"", ""n_components"": 20, ""reg_covar"": 0.001}",4.225,,20,0,0.0,0.3085982501506805,1321.903408684504,2.2893354844635065,,,,,-3563358.9546335638,-3581166.086989788,primary_k_sensitivity_seed456,20,n_components,Explicit k/n_components sensitivity value.
tfidf,gmm,456,"{""covariance_type"": ""diag"", ""n_components"": 20, ""reg_covar"": 1e-05}",3.382,,20,0,0.0,0.3056634068489074,1291.3752986317588,2.32053491413142,,,,,-6619122.138006213,-6636929.270362438,primary_k_sensitivity_seed456,20,n_components,Explicit k/n_components sensitivity value.
tfidf,gmm,456,"{""covariance_type"": ""diag"", ""n_components"": 20, ""reg_covar"": 1e-06}",3.487,,20,0,0.0,0.3056629002094269,1290.832278065761,2.320498614786527,,,,,-7209802.696318213,-7227609.828674437,primary_k_sensitivity_seed456,20,n_components,Explicit k/n_components sensitivity value.
tfidf,gmm,456,"{""covariance_type"": ""diag"", ""n_components"": 50, ""reg_covar"": 0.0001}",8.848,,50,0,0.0,0.6283065676689148,2373.676187066357,1.6985815345340969,,,,,-9206525.66094229,-9251056.721500278,primary_k_sensitivity_seed456,50,n_components,Explicit k/n_components sensitivity value.
tfidf,gmm,456,"{""covariance_type"": ""diag"", ""n_components"": 50, ""reg_covar"": 0.001}",6.816,,50,0,0.0,0.6383001208305359,2439.907533626478,1.6387449302227484,,,,,-6324827.704772053,-6369358.765330041,primary_k_sensitivity_seed456,50,n_components,Explicit k/n_components sensitivity value.
tfidf,gmm,456,"{""covariance_type"": ""diag"", ""n_components"": 50, ""reg_covar"": 1e-05}",9.381,,50,0,0.0,0.6267818212509155,2299.5787141511096,1.7125683913749197,,,,,-11895824.566334764,-11940355.626892751,primary_k_sensitivity_seed456,50,n_components,Explicit k/n_components sensitivity value.
tfidf,gmm,456,"{""covariance_type"": ""diag"", ""n_components"": 50, ""reg_covar"": 1e-06}",9.827,,50,0,0.0,0.6188639402389526,2242.6922164023936,1.7003736823751765,,,,,-14297130.600545242,-14341661.66110323,primary_k_sensitivity_seed456,50,n_components,Explicit k/n_components sensitivity value.
word2vec,agglomerative,456,"{""linkage"": ""ward"", ""n_clusters"": 10}",93.034,,10,0,0.0,0.2942966818809509,1041.240706867683,2.464765423113429,,,,,,,primary_k_sensitivity_seed456,10,k,Explicit k/n_components sensitivity value.
word2vec,agglomerative,456,"{""linkage"": ""ward"", ""n_clusters"": 20}",89.93,,20,0,0.0,0.394456684589386,1124.8601922407247,2.502889483091628,,,,,,,primary_k_sensitivity_seed456,20,k,Explicit k/n_components sensitivity value.
word2vec,agglomerative,456,"{""linkage"": ""ward"", ""n_clusters"": 50}",90.407,,50,0,0.0,0.5308091640472412,1287.9047332434611,1.6984309704346554,,,,,,,primary_k_sensitivity_seed456,50,k,Explicit k/n_components sensitivity value.
word2vec,kmeans,456,"{""n_clusters"": 10}",2.667,,10,0,0.0,0.0886505246162414,948.8127735282684,2.5382450040478477,,,,2135267.25,,,primary_k_sensitivity_seed456,10,k,Explicit k/n_components sensitivity value.
word2vec,kmeans,456,"{""n_clusters"": 20}",4.971,,20,0,0.0,0.2475074678659439,1073.568603912547,2.4408345244260894,,,,1775422.75,,,primary_k_sensitivity_seed456,20,k,Explicit k/n_components sensitivity value.
word2vec,kmeans,456,"{""n_clusters"": 50}",13.276,,50,0,0.0,0.5369423627853394,1393.978289084295,1.5089124498007769,,,,1055974.5,,,primary_k_sensitivity_seed456,50,k,Explicit k/n_components sensitivity value.
word2vec,dbscan,456,"{""eps"": 3.086135, ""metric"": ""euclidean"", ""min_samples"": 5}",18.843,,509,4647,0.09294,0.7240109443664551,1020.7327770231648,0.6768537203539262,0.612053394317627,215.6256043440851,1.3189125964753814,,,,primary_k_sensitivity_seed456,"eps=3.086, min_samples=5",density_params,DBSCAN/HDBSCAN do not use k directly; density grid is summarized instead.
word2vec,dbscan,456,"{""eps"": 3.996926, ""metric"": ""euclidean"", ""min_samples"": 10}",23.314,,191,4458,0.08916,0.3058702051639557,417.60113525666975,0.6159836454345692,0.245950236916542,221.7296953754747,1.3469181486804125,,,,primary_k_sensitivity_seed456,"eps=3.997, min_samples=10",density_params,DBSCAN/HDBSCAN do not use k directly; density grid is summarized instead.
word2vec,dbscan,456,"{""eps"": 4.74292, ""metric"": ""euclidean"", ""min_samples"": 5}",71.447,,302,2146,0.04292,0.256221055984497,218.436734042384,0.5958692923959156,0.228330373764038,161.33571136319355,1.2686910085266088,,,,primary_k_sensitivity_seed456,"eps=4.743, min_samples=5",density_params,DBSCAN/HDBSCAN do not use k directly; density grid is summarized instead.
word2vec,dbscan,456,"{""eps"": 5.8776, ""metric"": ""euclidean"", ""min_samples"": 10}",138.107,,114,2048,0.04096,0.297849029302597,284.4652205967212,0.6050004423149857,0.2787007391452789,221.7806937145361,1.352107140732281,,,,primary_k_sensitivity_seed456,"eps=5.878, min_samples=10",density_params,DBSCAN/HDBSCAN do not use k directly; density grid is summarized instead.
word2vec,dbscan,456,"{""eps"": 6.490317, ""metric"": ""euclidean"", ""min_samples"": 5}",145.34,,154,1043,0.02086,0.3503052592277527,199.01670837282845,0.5974374900357756,0.2322373539209365,173.80704434131496,1.283342595819268,,,,primary_k_sensitivity_seed456,"eps=6.49, min_samples=5",density_params,DBSCAN/HDBSCAN do not use k directly; density grid is summarized instead.
word2vec,dbscan,456,"{""eps"": 7.899804, ""metric"": ""euclidean"", ""min_samples"": 10}",260.151,,52,930,0.0186,0.3209357559680938,280.24400613100323,0.5518972757649616,0.311051070690155,249.1784248210895,1.3928118455909029,,,,primary_k_sensitivity_seed456,"eps=7.9, min_samples=10",density_params,DBSCAN/HDBSCAN do not use k directly; density grid is summarized instead.
word2vec,hdbscan,456,"{""allow_single_cluster"": false, ""metric"": ""euclidean"", ""min_cluster_size"": 15, ""min_samples"": null}",98.754,,398,8103,0.16206,0.908203899860382,2932.521337388352,1.6140438846419232,0.6724327802658081,212.62263829738572,2.1830470139807803,,,,primary_k_sensitivity_seed456,min_cluster_size=15,density_params,DBSCAN/HDBSCAN do not use k directly; density grid is summarized instead.
word2vec,hdbscan,456,"{""allow_single_cluster"": false, ""metric"": ""euclidean"", ""min_cluster_size"": 30, ""min_samples"": null}",113.938,,198,10101,0.20202,0.9130894541740416,4558.983618409784,2.502828567789746,0.6271442174911499,275.5100039650478,3.032627443971492,,,,primary_k_sensitivity_seed456,min_cluster_size=30,density_params,DBSCAN/HDBSCAN do not use k directly; density grid is summarized instead.
word2vec,hdbscan,456,"{""allow_single_cluster"": false, ""metric"": ""euclidean"", ""min_cluster_size"": 50, ""min_samples"": null}",112.209,,126,12015,0.2403,0.9203651547431946,5200.500892058339,3.4654861237238044,0.5923402905464172,313.17560051422254,3.9604756245404342,,,,primary_k_sensitivity_seed456,min_cluster_size=50,density_params,DBSCAN/HDBSCAN do not use k directly; density grid is summarized instead.
word2vec,gmm,456,"{""covariance_type"": ""diag"", ""n_components"": 10, ""reg_covar"": 0.0001}",1.676,,10,0,0.0,0.2486469745635986,945.8978278485326,3.823330745268996,,,,,-221871.5427910525,-230770.69908002243,primary_k_sensitivity_seed456,10,n_components,Explicit k/n_components sensitivity value.
word2vec,gmm,456,"{""covariance_type"": ""diag"", ""n_components"": 10, ""reg_covar"": 0.001}",1.114,,10,0,0.0,0.1952099800109863,847.757674815704,4.03755211859947,,,,,1567241.7888297148,1558342.6325407447,primary_k_sensitivity_seed456,10,n_components,Explicit k/n_components sensitivity value.
word2vec,gmm,456,"{""covariance_type"": ""diag"", ""n_components"": 10, ""reg_covar"": 1e-05}",1.859,,10,0,0.0,0.2475098371505737,938.9203809462858,3.791087290712492,,,,,-576468.849253864,-585368.005542834,primary_k_sensitivity_seed456,10,n_components,Explicit k/n_components sensitivity value.
word2vec,gmm,456,"{""covariance_type"": ""diag"", ""n_components"": 10, ""reg_covar"": 1e-06}",2.128,,10,0,0.0,0.2444518357515335,928.9317135745762,3.787970206887246,,,,,-955445.8803593848,-964345.0366483548,primary_k_sensitivity_seed456,10,n_components,Explicit k/n_components sensitivity value.
word2vec,gmm,456,"{""covariance_type"": ""diag"", ""n_components"": 20, ""reg_covar"": 0.0001}",2.703,,20,0,0.0,0.3348155915737152,904.4751702993116,3.3964998835286755,,,,,-1651976.1210899623,-1669783.253446187,primary_k_sensitivity_seed456,20,n_components,Explicit k/n_components sensitivity value.
word2vec,gmm,456,"{""covariance_type"": ""diag"", ""n_components"": 20, ""reg_covar"": 0.001}",3.018,,20,0,0.0,0.3362984955310821,910.1647008955422,3.423339828480286,,,,,-710110.7145638786,-727917.846920103,primary_k_sensitivity_seed456,20,n_components,Explicit k/n_components sensitivity value.
word2vec,gmm,456,"{""covariance_type"": ""diag"", ""n_components"": 20, ""reg_covar"": 1e-05}",2.588,,20,0,0.0,0.3348546922206878,904.3420119895878,3.3945508976516576,,,,,-2119181.5010349,-2136988.6333911247,primary_k_sensitivity_seed456,20,n_components,Explicit k/n_components sensitivity value.
word2vec,gmm,456,"{""covariance_type"": ""diag"", ""n_components"": 20, ""reg_covar"": 1e-06}",2.581,,20,0,0.0,0.3315217494964599,897.7055623850558,3.389566027214515,,,,,-2734224.81499064,-2752031.9473468643,primary_k_sensitivity_seed456,20,n_components,Explicit k/n_components sensitivity value.
word2vec,gmm,456,"{""covariance_type"": ""diag"", ""n_components"": 50, ""reg_covar"": 0.0001}",6.422,,50,0,0.0,0.5382307171821594,1057.1944199462964,2.3512087390080434,,,,,-6202106.109754686,-6246637.170312674,primary_k_sensitivity_seed456,50,n_components,Explicit k/n_components sensitivity value.
word2vec,gmm,456,"{""covariance_type"": ""diag"", ""n_components"": 50, ""reg_covar"": 0.001}",5.949,,50,0,0.0,0.5407859683036804,1069.0092176246294,2.364577795849212,,,,,-3703983.387622201,-3748514.448180189,primary_k_sensitivity_seed456,50,n_components,Explicit k/n_components sensitivity value.
word2vec,gmm,456,"{""covariance_type"": ""diag"", ""n_components"": 50, ""reg_covar"": 1e-05}",6.178,,50,0,0.0,0.5381689071655273,1056.910227491528,2.3498974447107543,,,,,-8445645.363303356,-8490176.423861343,primary_k_sensitivity_seed456,50,n_components,Explicit k/n_components sensitivity value.
word2vec,gmm,456,"{""covariance_type"": ""diag"", ""n_components"": 50, ""reg_covar"": 1e-06}",7.665,,50,0,0.0,0.5350252985954285,1051.846449929511,2.35129281211601,,,,,-10953176.71802918,-10997707.778587166,primary_k_sensitivity_seed456,50,n_components,Explicit k/n_components sensitivity value.
tfidf,agglomerative,789,"{""linkage"": ""ward"", ""n_clusters"": 10}",90.86,,10,0,0.0,0.107910044491291,1439.6413779031104,2.346369370860373,,,,,,,primary_k_sensitivity_seed789,10,k,Explicit k/n_components sensitivity value.
tfidf,agglomerative,789,"{""linkage"": ""ward"", ""n_clusters"": 20}",90.334,,20,0,0.0,0.31707563996315,1681.960673886142,1.7978628224093705,,,,,,,primary_k_sensitivity_seed789,20,k,Explicit k/n_components sensitivity value.
tfidf,agglomerative,789,"{""linkage"": ""ward"", ""n_clusters"": 50}",86.037,,50,0,0.0,0.6749300956726074,3907.3379205268734,0.9506010787469548,,,,,,,primary_k_sensitivity_seed789,50,k,Explicit k/n_components sensitivity value.
tfidf,kmeans,789,"{""n_clusters"": 10}",3.006,,10,0,0.0,0.0287902895361185,1368.8584486853497,2.0353453658989924,,,,2005711.125,,,primary_k_sensitivity_seed789,10,k,Explicit k/n_components sensitivity value.
tfidf,kmeans,789,"{""n_clusters"": 20}",5.935,,20,0,0.0,0.2224427014589309,1669.9263648283934,1.3663817403768828,,,,1529220.25,,,primary_k_sensitivity_seed789,20,k,Explicit k/n_components sensitivity value.
tfidf,kmeans,789,"{""n_clusters"": 50}",15.985,,50,0,0.0,0.6735772490501404,4088.894397428844,0.9594864948440672,,,,498893.3125,,,primary_k_sensitivity_seed789,50,k,Explicit k/n_components sensitivity value.
tfidf,dbscan,789,"{""eps"": 0.539451, ""metric"": ""euclidean"", ""min_samples"": 5}",11.508,,637,4468,0.08936,0.9261382818222046,114329.12962417128,0.2115345316506769,0.77520751953125,416.9653887273295,1.0621607038271872,,,,primary_k_sensitivity_seed789,"eps=0.5395, min_samples=5",density_params,DBSCAN/HDBSCAN do not use k directly; density grid is summarized instead.
tfidf,dbscan,789,"{""eps"": 1.110454, ""metric"": ""euclidean"", ""min_samples"": 10}",16.799,,321,4527,0.09054,0.9164826273918152,46027.20116045861,0.2510687676930007,0.7709916234016418,765.6052567345475,1.0953015994490287,,,,primary_k_sensitivity_seed789,"eps=1.11, min_samples=10",density_params,DBSCAN/HDBSCAN do not use k directly; density grid is summarized instead.
tfidf,dbscan,789,"{""eps"": 1.762763, ""metric"": ""euclidean"", ""min_samples"": 5}",18.972,,458,2182,0.04364,0.8746324181556702,10335.27221808862,0.3211602420922827,0.8046572208404541,1066.3543443865055,1.1040753164075952,,,,primary_k_sensitivity_seed789,"eps=1.763, min_samples=5",density_params,DBSCAN/HDBSCAN do not use k directly; density grid is summarized instead.
tfidf,dbscan,789,"{""eps"": 2.77986, ""metric"": ""euclidean"", ""min_samples"": 10}",22.825,,221,1959,0.03918,0.7026259899139404,2428.305440546203,0.680870815207969,0.6545644998550415,1202.6569121342009,1.1722348663421724,,,,primary_k_sensitivity_seed789,"eps=2.78, min_samples=10",density_params,DBSCAN/HDBSCAN do not use k directly; density grid is summarized instead.
tfidf,dbscan,789,"{""eps"": 3.015237, ""metric"": ""euclidean"", ""min_samples"": 5}",24.182,,276,991,0.01982,0.65382981300354,1202.276017273414,0.8008004267787928,0.6247525215148926,928.062960017159,1.1153754007241246,,,,primary_k_sensitivity_seed789,"eps=3.015, min_samples=5",density_params,DBSCAN/HDBSCAN do not use k directly; density grid is summarized instead.
tfidf,dbscan,789,"{""eps"": 4.033756, ""metric"": ""euclidean"", ""min_samples"": 10}",40.543,,113,843,0.01686,0.3591473698616028,731.3833961684271,0.8582034811512796,0.3535070419311523,666.8915614229104,1.1992776381972812,,,,primary_k_sensitivity_seed789,"eps=4.034, min_samples=10",density_params,DBSCAN/HDBSCAN do not use k directly; density grid is summarized instead.
tfidf,hdbscan,789,"{""allow_single_cluster"": false, ""metric"": ""euclidean"", ""min_cluster_size"": 15, ""min_samples"": null}",82.411,,368,5162,0.10324,0.929332435131073,16421.96318838957,0.3892234477491513,0.7579209804534912,701.6004968821626,1.052180047768562,,,,primary_k_sensitivity_seed789,min_cluster_size=15,density_params,DBSCAN/HDBSCAN do not use k directly; density grid is summarized instead.
tfidf,hdbscan,789,"{""allow_single_cluster"": false, ""metric"": ""euclidean"", ""min_cluster_size"": 30, ""min_samples"": null}",78.523,,192,5812,0.11624,0.922130286693573,16470.05361628774,0.3877963988792672,0.7361833453178406,1026.102498580042,1.1231505299602442,,,,primary_k_sensitivity_seed789,min_cluster_size=30,density_params,DBSCAN/HDBSCAN do not use k directly; density grid is summarized instead.
tfidf,hdbscan,789,"{""allow_single_cluster"": false, ""metric"": ""euclidean"", ""min_cluster_size"": 50, ""min_samples"": null}",84.644,,119,5681,0.11362,0.9120052456855774,11949.117784972188,0.4584507267288119,0.7367419004440308,1459.5343528194269,1.2154513564024734,,,,primary_k_sensitivity_seed789,min_cluster_size=50,density_params,DBSCAN/HDBSCAN do not use k directly; density grid is summarized instead.
tfidf,gmm,789,"{""covariance_type"": ""diag"", ""n_components"": 10, ""reg_covar"": 0.0001}",1.785,,10,0,0.0,0.1659245491027832,1212.6357451169033,2.944991747756567,,,,,-3219443.629842186,-3228342.786131156,primary_k_sensitivity_seed789,10,n_components,Explicit k/n_components sensitivity value.
tfidf,gmm,789,"{""covariance_type"": ""diag"", ""n_components"": 10, ""reg_covar"": 0.001}",2.495,,10,0,0.0,0.1740262508392334,1228.9132189017448,2.9240434664018413,,,,,-1776062.5805785295,-1784961.7368674998,primary_k_sensitivity_seed789,10,n_components,Explicit k/n_components sensitivity value.
tfidf,gmm,789,"{""covariance_type"": ""diag"", ""n_components"": 10, ""reg_covar"": 1e-05}",1.438,,10,0,0.0,0.1790295392274856,1235.0401727432695,2.8594184498273325,,,,,-3257064.3715271675,-3265963.5278161373,primary_k_sensitivity_seed789,10,n_components,Explicit k/n_components sensitivity value.
tfidf,gmm,789,"{""covariance_type"": ""diag"", ""n_components"": 10, ""reg_covar"": 1e-06}",1.736,,10,0,0.0,0.162381887435913,1215.0793399479426,2.860406468853315,,,,,-3908644.561792913,-3917543.718081882,primary_k_sensitivity_seed789,10,n_components,Explicit k/n_components sensitivity value.
tfidf,gmm,789,"{""covariance_type"": ""diag"", ""n_components"": 20, ""reg_covar"": 0.0001}",4.205,,20,0,0.0,0.3107019960880279,1394.9116186921642,2.2852674136326074,,,,,-4888466.425641781,-4906273.557998005,primary_k_sensitivity_seed789,20,n_components,Explicit k/n_components sensitivity value.
tfidf,gmm,789,"{""covariance_type"": ""diag"", ""n_components"": 20, ""reg_covar"": 0.001}",4.694,,20,0,0.0,0.2815436124801636,1374.765144673671,2.212597331854954,,,,,-2782536.9853785387,-2800344.117734764,primary_k_sensitivity_seed789,20,n_components,Explicit k/n_components sensitivity value.
tfidf,gmm,789,"{""covariance_type"": ""diag"", ""n_components"": 20, ""reg_covar"": 1e-05}",6.335,,20,0,0.0,0.3373109102249145,1415.909297611339,2.32924141959973,,,,,-7267691.549597895,-7285498.681954119,primary_k_sensitivity_seed789,20,n_components,Explicit k/n_components sensitivity value.
tfidf,gmm,789,"{""covariance_type"": ""diag"", ""n_components"": 20, ""reg_covar"": 1e-06}",10.015,,20,0,0.0,0.3259751200675964,1383.761985633593,2.3319490591317087,,,,,-8462670.789968845,-8480477.92232507,primary_k_sensitivity_seed789,20,n_components,Explicit k/n_components sensitivity value.
tfidf,gmm,789,"{""covariance_type"": ""diag"", ""n_components"": 50, ""reg_covar"": 0.0001}",8.461,,50,0,0.0,0.6367942094802856,2368.13656565798,1.6313253875572005,,,,,-9382724.933535498,-9427255.994093483,primary_k_sensitivity_seed789,50,n_components,Explicit k/n_components sensitivity value.
tfidf,gmm,789,"{""covariance_type"": ""diag"", ""n_components"": 50, ""reg_covar"": 0.001}",5.141,,50,0,0.0,0.6486614942550659,2667.9111519246103,1.335928039235037,,,,,-6161009.414821751,-6205540.475379739,primary_k_sensitivity_seed789,50,n_components,Explicit k/n_components sensitivity value.
tfidf,gmm,789,"{""covariance_type"": ""diag"", ""n_components"": 50, ""reg_covar"": 1e-05}",10.366,,50,0,0.0,0.6248934864997864,2245.6368976579643,1.664863278248362,,,,,-12352622.294572618,-12397153.355130604,primary_k_sensitivity_seed789,50,n_components,Explicit k/n_components sensitivity value.
tfidf,gmm,789,"{""covariance_type"": ""diag"", ""n_components"": 50, ""reg_covar"": 1e-06}",12.294,,50,0,0.0,0.6197830438613892,2205.544083018002,1.773922996974284,,,,,-14846882.041287651,-14891413.10184564,primary_k_sensitivity_seed789,50,n_components,Explicit k/n_components sensitivity value.
word2vec,agglomerative,789,"{""linkage"": ""ward"", ""n_clusters"": 10}",93.852,,10,0,0.0,0.2814880013465881,1048.5486023943115,2.9832395634331994,,,,,,,primary_k_sensitivity_seed789,10,k,Explicit k/n_components sensitivity value.
word2vec,agglomerative,789,"{""linkage"": ""ward"", ""n_clusters"": 20}",98.471,,20,0,0.0,0.3919505178928375,1129.0548146496103,2.385830026466364,,,,,,,primary_k_sensitivity_seed789,20,k,Explicit k/n_components sensitivity value.
word2vec,agglomerative,789,"{""linkage"": ""ward"", ""n_clusters"": 50}",97.288,,50,0,0.0,0.5259023308753967,1266.6584271433608,1.6352630641739132,,,,,,,primary_k_sensitivity_seed789,50,k,Explicit k/n_components sensitivity value.
word2vec,kmeans,789,"{""n_clusters"": 10}",3.296,,10,0,0.0,0.0802147313952446,997.9628446485164,2.044856708988046,,,,2119251.25,,,primary_k_sensitivity_seed789,10,k,Explicit k/n_components sensitivity value.
word2vec,kmeans,789,"{""n_clusters"": 20}",6.403,,20,0,0.0,0.2494803220033645,1067.65120626389,2.00524801759924,,,,1778248.375,,,primary_k_sensitivity_seed789,20,k,Explicit k/n_components sensitivity value.
word2vec,kmeans,789,"{""n_clusters"": 50}",16.843,,50,0,0.0,0.5240506529808044,1368.569142942513,1.5748168590678802,,,,1067213.75,,,primary_k_sensitivity_seed789,50,k,Explicit k/n_components sensitivity value.
word2vec,dbscan,789,"{""eps"": 1.942936, ""metric"": ""euclidean"", ""min_samples"": 5}",15.891,,641,7757,0.15514,0.9110289812088012,9420.913036612656,0.3816441521368851,0.6842698454856873,137.6943186898951,1.2781469849745666,,,,primary_k_sensitivity_seed789,"eps=1.943, min_samples=5",density_params,DBSCAN/HDBSCAN do not use k directly; density grid is summarized instead.
word2vec,dbscan,789,"{""eps"": 2.908886, ""metric"": ""euclidean"", ""min_samples"": 10}",21.951,,268,7385,0.1477,0.790693998336792,2725.525253861,0.6043275289253457,0.6029130220413208,262.82178976774725,1.3733205144616316,,,,primary_k_sensitivity_seed789,"eps=2.909, min_samples=10",density_params,DBSCAN/HDBSCAN do not use k directly; density grid is summarized instead.
word2vec,dbscan,789,"{""eps"": 3.758755, ""metric"": ""euclidean"", ""min_samples"": 5}",25.157,,382,3403,0.06806,0.3880073130130768,307.1460246130079,0.7503034619793324,0.3192422389984131,170.18788134068552,1.2945240530104831,,,,primary_k_sensitivity_seed789,"eps=3.759, min_samples=5",density_params,DBSCAN/HDBSCAN do not use k directly; density grid is summarized instead.
word2vec,dbscan,789,"{""eps"": 4.664379, ""metric"": ""euclidean"", ""min_samples"": 10}",93.689,,157,3269,0.06538,0.291921466588974,390.0924609293677,0.6039869099838083,0.2459457516670227,244.5015173712769,1.3133507606188075,,,,primary_k_sensitivity_seed789,"eps=4.664, min_samples=10",density_params,DBSCAN/HDBSCAN do not use k directly; density grid is summarized instead.
word2vec,dbscan,789,"{""eps"": 5.478994, ""metric"": ""euclidean"", ""min_samples"": 5}",116.871,,228,1694,0.03388,0.3098717331886291,215.3486523008868,0.656393893096133,0.277906984090805,170.58763084989764,1.2771704336145293,,,,primary_k_sensitivity_seed789,"eps=5.479, min_samples=5",density_params,DBSCAN/HDBSCAN do not use k directly; density grid is summarized instead.
word2vec,dbscan,789,"{""eps"": 6.793514, ""metric"": ""euclidean"", ""min_samples"": 10}",236.936,,83,1585,0.0317,0.3189779222011566,313.1876491143461,0.5660094683163984,0.3416772186756134,256.27264195758806,1.3497089611960458,,,,primary_k_sensitivity_seed789,"eps=6.794, min_samples=10",density_params,DBSCAN/HDBSCAN do not use k directly; density grid is summarized instead.
word2vec,hdbscan,789,"{""allow_single_cluster"": false, ""metric"": ""euclidean"", ""min_cluster_size"": 15, ""min_samples"": null}",103.348,,389,8123,0.16246,0.9095468521118164,2995.3288326437005,1.3523709232178691,0.681210458278656,219.74502775686383,1.951771507791191,,,,primary_k_sensitivity_seed789,min_cluster_size=15,density_params,DBSCAN/HDBSCAN do not use k directly; density grid is summarized instead.
word2vec,hdbscan,789,"{""allow_single_cluster"": false, ""metric"": ""euclidean"", ""min_cluster_size"": 30, ""min_samples"": null}",112.324,,204,10086,0.20172,0.9147802591323853,4934.225424660367,1.926631418907746,0.6344107389450073,282.08641936328763,2.5070382108292453,,,,primary_k_sensitivity_seed789,min_cluster_size=30,density_params,DBSCAN/HDBSCAN do not use k directly; density grid is summarized instead.
word2vec,hdbscan,789,"{""allow_single_cluster"": false, ""metric"": ""euclidean"", ""min_cluster_size"": 50, ""min_samples"": null}",118.976,,128,11936,0.23872,0.9184384942054749,5894.079193303282,2.664682309884724,0.5964797735214233,310.9897788265225,3.207631519981996,,,,primary_k_sensitivity_seed789,min_cluster_size=50,density_params,DBSCAN/HDBSCAN do not use k directly; density grid is summarized instead.
word2vec,gmm,789,"{""covariance_type"": ""diag"", ""n_components"": 10, ""reg_covar"": 0.0001}",1.805,,10,0,0.0,0.3180152773857116,891.8150513588379,3.5782848617421363,,,,,-3434984.937120326,-3443884.093409296,primary_k_sensitivity_seed789,10,n_components,Explicit k/n_components sensitivity value.
word2vec,gmm,789,"{""covariance_type"": ""diag"", ""n_components"": 10, ""reg_covar"": 0.001}",1.953,,10,0,0.0,0.3180152773857116,891.8150513588379,3.5782848617421363,,,,,-1356582.7069970616,-1365481.8632860316,primary_k_sensitivity_seed789,10,n_components,Explicit k/n_components sensitivity value.
word2vec,gmm,789,"{""covariance_type"": ""diag"", ""n_components"": 10, ""reg_covar"": 1e-05}",1.904,,10,0,0.0,0.3167880773544311,883.8786367034375,3.559176805590026,,,,,-5762807.997809382,-5771707.154098352,primary_k_sensitivity_seed789,10,n_components,Explicit k/n_components sensitivity value.
word2vec,gmm,789,"{""covariance_type"": ""diag"", ""n_components"": 10, ""reg_covar"": 1e-06}",1.987,,10,0,0.0,0.3167909681797027,883.8827579062727,3.558899940458713,,,,,-7820038.848822493,-7828938.005111463,primary_k_sensitivity_seed789,10,n_components,Explicit k/n_components sensitivity value.
word2vec,gmm,789,"{""covariance_type"": ""diag"", ""n_components"": 20, ""reg_covar"": 0.0001}",2.805,,20,0,0.0,0.3965966403484344,921.3414041799856,2.87859222504416,,,,,-4301779.066445408,-4319586.198801633,primary_k_sensitivity_seed789,20,n_components,Explicit k/n_components sensitivity value.
word2vec,gmm,789,"{""covariance_type"": ""diag"", ""n_components"": 20, ""reg_covar"": 0.001}",3.093,,20,0,0.0,0.3982433676719665,927.8015803225284,2.881419225182833,,,,,-2150241.7417354174,-2168048.874091642,primary_k_sensitivity_seed789,20,n_components,Explicit k/n_components sensitivity value.
word2vec,gmm,789,"{""covariance_type"": ""diag"", ""n_components"": 20, ""reg_covar"": 1e-05}",2.607,,20,0,0.0,0.3932641148567199,913.8649977660305,2.879631130326765,,,,,-6455873.6377245085,-6473680.770080733,primary_k_sensitivity_seed789,20,n_components,Explicit k/n_components sensitivity value.
word2vec,gmm,789,"{""covariance_type"": ""diag"", ""n_components"": 20, ""reg_covar"": 1e-06}",3.462,,20,0,0.0,0.3932641148567199,913.8649977660305,2.879631130326765,,,,,-8426906.485542467,-8444713.617898691,primary_k_sensitivity_seed789,20,n_components,Explicit k/n_components sensitivity value.
word2vec,gmm,789,"{""covariance_type"": ""diag"", ""n_components"": 50, ""reg_covar"": 0.0001}",8.985,,50,0,0.0,0.5461373329162598,1049.5314833654468,2.525825602949938,,,,,-5982071.613011703,-6026602.67356969,primary_k_sensitivity_seed789,50,n_components,Explicit k/n_components sensitivity value.
word2vec,gmm,789,"{""covariance_type"": ""diag"", ""n_components"": 50, ""reg_covar"": 0.001}",9.052,,50,0,0.0,0.5463098883628845,1050.894212508799,2.526106325313726,,,,,-3702951.82874502,-3747482.889303007,primary_k_sensitivity_seed789,50,n_components,Explicit k/n_components sensitivity value.
word2vec,gmm,789,"{""covariance_type"": ""diag"", ""n_components"": 50, ""reg_covar"": 1e-05}",8.036,,50,0,0.0,0.5437216758728027,1043.4093129032483,2.517117198524566,,,,,-8302658.52470793,-8347189.585265918,primary_k_sensitivity_seed789,50,n_components,Explicit k/n_components sensitivity value.
word2vec,gmm,789,"{""covariance_type"": ""diag"", ""n_components"": 50, ""reg_covar"": 1e-06}",9.766,,50,0,0.0,0.542625367641449,1038.903358324866,2.5070404324310034,,,,,-11023283.975725278,-11067815.036283266,primary_k_sensitivity_seed789,50,n_components,Explicit k/n_components sensitivity value.
