representation,sample_size,seed,embedding_time_s,peak_memory_mb,device,embedding_cache_key,embedding_cache_path,embedding_cache_hit,embedding_load_time_s,embedding_dimensions,requested_pca_components,pca_applied,effective_dimensions,pca_explained_variance_ratio,clustering_method,params,clustering_time_s,error,n_clusters,noise_count,noise_ratio,silhouette,calinski_harabasz,davies_bouldin,bic,aic,inertia,silhouette_all,calinski_harabasz_all,davies_bouldin_all,tfidf_features,tfidf_max_features,tfidf_min_df,tfidf_max_df,tfidf_svd_applied,tfidf_svd_components,dataset,experiment
tfidf,50000,42,3.091,110.142,cpu,tfidf_21e201679651b82c,reports\week2\cache\tfidf_21e201679651b82c.npz,False,,50,50,False,50,,agglomerative,"{""linkage"": ""ward"", ""n_clusters"": 100}",63.466,,100,0,0.0,0.7913590669631958,5061.968047728919,0.8940515065466706,,,,,,,5000.0,5000.0,5.0,0.95,True,50.0,scenario-1,optimal
tfidf,50000,101,0.052,19.123,cpu,tfidf_552d73562a74a5ad,reports\week4_pilot\primary_optimal_seed101\cache\tfidf_552d73562a74a5ad.npz,True,0.05,50,50,False,50,,agglomerative,"{""linkage"": ""ward"", ""n_clusters"": 100}",79.455,,100,0,0.0,0.7868002653121948,4941.704211023699,0.8979101284626232,,,,,,,5000.0,5000.0,5.0,0.95,True,50.0,scenario-1,optimal
tfidf,50000,123,3.079,110.29,cpu,tfidf_845ed867502f7262,reports\week4_pilot\primary_optimal_seed123\cache\tfidf_845ed867502f7262.npz,False,,50,50,False,50,,agglomerative,"{""linkage"": ""ward"", ""n_clusters"": 100}",62.591,,100,0,0.0,0.7794457077980042,4790.413264528404,0.8748950993540157,,,,,,,5000.0,5000.0,5.0,0.95,True,50.0,scenario-1,optimal
tfidf,50000,456,2.968,110.323,cpu,tfidf_f072693cb3bb6302,reports\week4_pilot\primary_optimal_seed456\cache\tfidf_f072693cb3bb6302.npz,False,,50,50,False,50,,agglomerative,"{""linkage"": ""ward"", ""n_clusters"": 100}",61.746,,100,0,0.0,0.7883864045143127,4875.276910443155,0.8997910835969469,,,,,,,5000.0,5000.0,5.0,0.95,True,50.0,scenario-1,optimal
tfidf,50000,789,3.073,110.404,cpu,tfidf_11effbbb6d7c494d,reports\week4_pilot\primary_optimal_seed789\cache\tfidf_11effbbb6d7c494d.npz,False,,50,50,False,50,,agglomerative,"{""linkage"": ""ward"", ""n_clusters"": 100}",64.785,,100,0,0.0,0.780345618724823,4874.160515711052,0.9809750021024216,,,,,,,5000.0,5000.0,5.0,0.95,True,50.0,scenario-1,optimal
tfidf,50000,42,3.091,110.142,cpu,tfidf_21e201679651b82c,reports\week2\cache\tfidf_21e201679651b82c.npz,False,,50,50,False,50,,kmeans,"{""n_clusters"": 100}",4.447,,100,0,0.0,0.7897588014602661,5178.904548870089,0.8978845247462622,,,221733.8125,,,,5000.0,5000.0,5.0,0.95,True,50.0,scenario-1,optimal
tfidf,50000,101,0.052,19.123,cpu,tfidf_552d73562a74a5ad,reports\week4_pilot\primary_optimal_seed101\cache\tfidf_552d73562a74a5ad.npz,True,0.05,50,50,False,50,,kmeans,"{""n_clusters"": 100}",8.249,,100,0,0.0,0.777998149394989,5032.124567115494,0.8978019768833408,,,227614.640625,,,,5000.0,5000.0,5.0,0.95,True,50.0,scenario-1,optimal
tfidf,50000,123,3.079,110.29,cpu,tfidf_845ed867502f7262,reports\week4_pilot\primary_optimal_seed123\cache\tfidf_845ed867502f7262.npz,False,,50,50,False,50,,kmeans,"{""n_clusters"": 100}",4.382,,100,0,0.0,0.779547929763794,4920.410955044093,0.8303188999467764,,,232301.671875,,,,5000.0,5000.0,5.0,0.95,True,50.0,scenario-1,optimal
tfidf,50000,456,2.968,110.323,cpu,tfidf_f072693cb3bb6302,reports\week4_pilot\primary_optimal_seed456\cache\tfidf_f072693cb3bb6302.npz,False,,50,50,False,50,,kmeans,"{""n_clusters"": 100}",4.432,,100,0,0.0,0.7843372225761414,5037.074053313527,0.8609771966991628,,,227407.859375,,,,5000.0,5000.0,5.0,0.95,True,50.0,scenario-1,optimal
tfidf,50000,789,3.073,110.404,cpu,tfidf_11effbbb6d7c494d,reports\week4_pilot\primary_optimal_seed789\cache\tfidf_11effbbb6d7c494d.npz,False,,50,50,False,50,,kmeans,"{""n_clusters"": 100}",4.625,,100,0,0.0,0.7819985151290894,5080.380175287465,0.858268362037739,,,225645.78125,,,,5000.0,5000.0,5.0,0.95,True,50.0,scenario-1,optimal
tfidf,50000,42,3.091,110.142,cpu,tfidf_21e201679651b82c,reports\week2\cache\tfidf_21e201679651b82c.npz,False,,50,50,False,50,,dbscan,"{""eps"": 0.959152, ""metric"": ""euclidean"", ""min_samples"": 10}",8.392,,315,4949,0.09898,0.9237567186355592,50337.25704680483,0.232494313416909,,,,0.7657709121704102,728.0434456229156,1.0689654042201675,5000.0,5000.0,5.0,0.95,True,50.0,scenario-1,optimal
tfidf,50000,101,0.052,19.123,cpu,tfidf_552d73562a74a5ad,reports\week4_pilot\primary_optimal_seed101\cache\tfidf_552d73562a74a5ad.npz,True,0.05,50,50,False,50,,dbscan,"{""eps"": 0.572328, ""metric"": ""euclidean"", ""min_samples"": 5}",9.864,,629,4447,0.08894,0.9284574389457704,96684.63838455932,0.2088750339048705,,,,0.7839799523353577,418.2473152838765,1.058155524742141,5000.0,5000.0,5.0,0.95,True,50.0,scenario-1,optimal
tfidf,50000,123,3.079,110.29,cpu,tfidf_845ed867502f7262,reports\week4_pilot\primary_optimal_seed123\cache\tfidf_845ed867502f7262.npz,False,,50,50,False,50,,dbscan,"{""eps"": 0.660681, ""metric"": ""euclidean"", ""min_samples"": 5}",6.28,,636,3923,0.07846,0.924285054206848,76993.68609142226,0.2172887090606224,,,,0.7898582220077515,479.9441764175875,1.0615509873331912,5000.0,5000.0,5.0,0.95,True,50.0,scenario-1,optimal
tfidf,50000,456,2.968,110.323,cpu,tfidf_f072693cb3bb6302,reports\week4_pilot\primary_optimal_seed456\cache\tfidf_f072693cb3bb6302.npz,False,,50,50,False,50,,dbscan,"{""eps"": 0.728918, ""metric"": ""euclidean"", ""min_samples"": 5}",6.584,,620,3784,0.07568,0.9195480346679688,58482.83888367013,0.2299673340101449,,,,0.7870759963989258,499.8944181324055,1.068530447700472,5000.0,5000.0,5.0,0.95,True,50.0,scenario-1,optimal
tfidf,50000,789,3.073,110.404,cpu,tfidf_11effbbb6d7c494d,reports\week4_pilot\primary_optimal_seed789\cache\tfidf_11effbbb6d7c494d.npz,False,,50,50,False,50,,dbscan,"{""eps"": 0.539451, ""metric"": ""euclidean"", ""min_samples"": 5}",7.39,,637,4468,0.08936,0.9261382818222046,114329.12962417128,0.2115345316506769,,,,0.77520751953125,416.9653887273295,1.0621607038271872,5000.0,5000.0,5.0,0.95,True,50.0,scenario-1,optimal
tfidf,50000,42,3.091,110.142,cpu,tfidf_21e201679651b82c,reports\week2\cache\tfidf_21e201679651b82c.npz,False,,50,50,False,50,,hdbscan,"{""allow_single_cluster"": false, ""metric"": ""euclidean"", ""min_cluster_size"": 15, ""min_samples"": null}",75.359,,367,5336,0.10672,0.9321172833442688,18197.630034795733,0.3970752250110873,,,,0.7582345604896545,665.5650236413989,1.0482939992628564,5000.0,5000.0,5.0,0.95,True,50.0,scenario-1,optimal
tfidf,50000,101,0.052,19.123,cpu,tfidf_552d73562a74a5ad,reports\week4_pilot\primary_optimal_seed101\cache\tfidf_552d73562a74a5ad.npz,True,0.05,50,50,False,50,,hdbscan,"{""allow_single_cluster"": false, ""metric"": ""euclidean"", ""min_cluster_size"": 15, ""min_samples"": null}",79.358,,368,5091,0.10182,0.9283137917518616,14654.354164325749,0.3868281991961196,,,,0.7676984667778015,694.2208551607314,1.0349600377782249,5000.0,5000.0,5.0,0.95,True,50.0,scenario-1,optimal
tfidf,50000,123,3.079,110.29,cpu,tfidf_845ed867502f7262,reports\week4_pilot\primary_optimal_seed123\cache\tfidf_845ed867502f7262.npz,False,,50,50,False,50,,hdbscan,"{""allow_single_cluster"": false, ""metric"": ""euclidean"", ""min_cluster_size"": 15, ""min_samples"": null}",78.175,,358,4917,0.09834,0.9250829815864564,14370.62225105517,0.3994099625797581,,,,0.7556499242782593,706.1211226495332,1.0604226802853989,5000.0,5000.0,5.0,0.95,True,50.0,scenario-1,optimal
tfidf,50000,456,2.968,110.323,cpu,tfidf_f072693cb3bb6302,reports\week4_pilot\primary_optimal_seed456\cache\tfidf_f072693cb3bb6302.npz,False,,50,50,False,50,,hdbscan,"{""allow_single_cluster"": false, ""metric"": ""euclidean"", ""min_cluster_size"": 15, ""min_samples"": null}",41.111,,373,5501,0.11002,0.9271267652511596,15137.04832913947,0.4026135749941818,,,,0.7434884905815125,608.2044836498898,1.053043300842878,5000.0,5000.0,5.0,0.95,True,50.0,scenario-1,optimal
tfidf,50000,789,3.073,110.404,cpu,tfidf_11effbbb6d7c494d,reports\week4_pilot\primary_optimal_seed789\cache\tfidf_11effbbb6d7c494d.npz,False,,50,50,False,50,,hdbscan,"{""allow_single_cluster"": false, ""metric"": ""euclidean"", ""min_cluster_size"": 15, ""min_samples"": null}",42.367,,368,5162,0.10324,0.929332435131073,16421.96318838957,0.3892234477491513,,,,0.7579209804534912,701.6004968821626,1.052180047768562,5000.0,5000.0,5.0,0.95,True,50.0,scenario-1,optimal
tfidf,50000,42,3.091,110.142,cpu,tfidf_21e201679651b82c,reports\week2\cache\tfidf_21e201679651b82c.npz,False,,50,50,False,50,,gmm,"{""covariance_type"": ""diag"", ""n_components"": 100, ""reg_covar"": 1e-06}",5.741,,100,0,0.0,0.7265139818191528,2466.5392517618484,1.456459421208995,-18011069.284011345,-18100140.224905606,,,,,5000.0,5000.0,5.0,0.95,True,50.0,scenario-1,optimal
tfidf,50000,101,0.052,19.123,cpu,tfidf_552d73562a74a5ad,reports\week4_pilot\primary_optimal_seed101\cache\tfidf_552d73562a74a5ad.npz,True,0.05,50,50,False,50,,gmm,"{""covariance_type"": ""diag"", ""n_components"": 100, ""reg_covar"": 1e-06}",15.002,,100,0,0.0,0.709023654460907,2509.378554894012,1.3464730207314983,-17755835.702911913,-17844906.643806174,,,,,5000.0,5000.0,5.0,0.95,True,50.0,scenario-1,optimal
tfidf,50000,123,3.079,110.29,cpu,tfidf_845ed867502f7262,reports\week4_pilot\primary_optimal_seed123\cache\tfidf_845ed867502f7262.npz,False,,50,50,False,50,,gmm,"{""covariance_type"": ""diag"", ""n_components"": 100, ""reg_covar"": 1e-06}",8.658,,100,0,0.0,0.7062849998474121,2386.827731026361,1.5300607494555405,-17494165.983660858,-17583236.92455512,,,,,5000.0,5000.0,5.0,0.95,True,50.0,scenario-1,optimal
tfidf,50000,456,2.968,110.323,cpu,tfidf_f072693cb3bb6302,reports\week4_pilot\primary_optimal_seed456\cache\tfidf_f072693cb3bb6302.npz,False,,50,50,False,50,,gmm,"{""covariance_type"": ""diag"", ""n_components"": 100, ""reg_covar"": 1e-06}",4.471,,100,0,0.0,0.7390437126159668,2853.9461178954466,1.3738654860557022,-17241855.430751443,-17330926.371645704,,,,,5000.0,5000.0,5.0,0.95,True,50.0,scenario-1,optimal
tfidf,50000,789,3.073,110.404,cpu,tfidf_11effbbb6d7c494d,reports\week4_pilot\primary_optimal_seed789\cache\tfidf_11effbbb6d7c494d.npz,False,,50,50,False,50,,gmm,"{""covariance_type"": ""diag"", ""n_components"": 100, ""reg_covar"": 1e-06}",7.247,,100,0,0.0,0.7075088620185852,2215.9018076003217,1.3784944775678485,-17829537.426163364,-17918608.367057625,,,,,5000.0,5000.0,5.0,0.95,True,50.0,scenario-1,optimal
word2vec,50000,42,0.054,38.198,cpu,word2vec_da1df13ea1ae6270,reports\week2\cache\word2vec_da1df13ea1ae6270.npz,True,0.054,100,50,True,50,0.9960249066352844,agglomerative,"{""linkage"": ""ward"", ""n_clusters"": 100}",68.288,,100,0,0.0,0.6328935623168945,1235.5214735536763,1.4880555539387157,,,,,,,,,,,,,scenario-1,optimal
word2vec,50000,101,0.086,38.16,cpu,word2vec_00dd3b9a0f02577b,reports\week4_pilot\primary_optimal_seed101\cache\word2vec_00dd3b9a0f02577b.npz,True,0.083,100,50,True,50,0.9960289001464844,agglomerative,"{""linkage"": ""ward"", ""n_clusters"": 100}",68.16,,100,0,0.0,0.6428629159927368,1210.1496047763883,1.5054148297577767,,,,,,,,,,,,,scenario-1,optimal
word2vec,50000,123,10.366,103.27,cpu,word2vec_589eceec29fc785c,reports\week4_pilot\primary_optimal_seed123\cache\word2vec_589eceec29fc785c.npz,False,,100,50,True,50,0.995886504650116,agglomerative,"{""linkage"": ""ward"", ""n_clusters"": 100}",69.309,,100,0,0.0,0.6287596821784973,1253.8791860776955,1.401665919861073,,,,,,,,,,,,,scenario-1,optimal
word2vec,50000,456,9.958,103.305,cpu,word2vec_286867f4fc67e1ed,reports\week4_pilot\primary_optimal_seed456\cache\word2vec_286867f4fc67e1ed.npz,False,,100,50,True,50,0.9962106347084044,agglomerative,"{""linkage"": ""ward"", ""n_clusters"": 100}",68.539,,100,0,0.0,0.6387800574302673,1246.496475255015,1.398975589638352,,,,,,,,,,,,,scenario-1,optimal
word2vec,50000,789,10.815,103.384,cpu,word2vec_8a7c6936009c00d7,reports\week4_pilot\primary_optimal_seed789\cache\word2vec_8a7c6936009c00d7.npz,False,,100,50,True,50,0.9959251284599304,agglomerative,"{""linkage"": ""ward"", ""n_clusters"": 100}",70.191,,100,0,0.0,0.6422392725944519,1256.8962701813905,1.426359195085389,,,,,,,,,,,,,scenario-1,optimal
word2vec,50000,42,0.055,38.198,cpu,word2vec_da1df13ea1ae6270,reports\week2\cache\word2vec_da1df13ea1ae6270.npz,True,0.055,100,50,True,50,0.9960249066352844,kmeans,"{""n_clusters"": 100}",4.519,,100,0,0.0,0.6155778169631958,1308.1462807637304,1.2841619330114906,,,695347.5,,,,,,,,,,scenario-1,optimal
word2vec,50000,101,0.086,38.16,cpu,word2vec_00dd3b9a0f02577b,reports\week4_pilot\primary_optimal_seed101\cache\word2vec_00dd3b9a0f02577b.npz,True,0.083,100,50,True,50,0.9960289001464844,kmeans,"{""n_clusters"": 100}",10.886,,100,0,0.0,0.6324513554573059,1281.0739075971512,1.352923135302604,,,705893.375,,,,,,,,,,scenario-1,optimal
word2vec,50000,123,10.366,103.27,cpu,word2vec_589eceec29fc785c,reports\week4_pilot\primary_optimal_seed123\cache\word2vec_589eceec29fc785c.npz,False,,100,50,True,50,0.995886504650116,kmeans,"{""n_clusters"": 100}",7.796,,100,0,0.0,0.6248676776885986,1323.8983770770822,1.3473239247247433,,,689356.4375,,,,,,,,,,scenario-1,optimal
word2vec,50000,456,9.958,103.305,cpu,word2vec_286867f4fc67e1ed,reports\week4_pilot\primary_optimal_seed456\cache\word2vec_286867f4fc67e1ed.npz,False,,100,50,True,50,0.9962106347084044,kmeans,"{""n_clusters"": 100}",8.43,,100,0,0.0,0.634193480014801,1306.8584241080837,1.3721946566454717,,,695842.8125,,,,,,,,,,scenario-1,optimal
word2vec,50000,789,10.815,103.384,cpu,word2vec_8a7c6936009c00d7,reports\week4_pilot\primary_optimal_seed789\cache\word2vec_8a7c6936009c00d7.npz,False,,100,50,True,50,0.9959251284599304,kmeans,"{""n_clusters"": 100}",7.603,,100,0,0.0,0.6344720125198364,1297.3581679118722,1.4507383306173085,,,699510.375,,,,,,,,,,scenario-1,optimal
word2vec,50000,42,0.055,38.198,cpu,word2vec_da1df13ea1ae6270,reports\week2\cache\word2vec_da1df13ea1ae6270.npz,True,0.055,100,50,True,50,0.9960249066352844,dbscan,"{""eps"": 1.854439, ""metric"": ""euclidean"", ""min_samples"": 5}",6.787,,682,7593,0.15186,0.9130724668502808,10603.726097117396,0.3679274318040281,,,,0.68630051612854,134.11885804783395,1.2717729687601786,,,,,,,scenario-1,optimal
word2vec,50000,101,0.086,38.16,cpu,word2vec_00dd3b9a0f02577b,reports\week4_pilot\primary_optimal_seed101\cache\word2vec_00dd3b9a0f02577b.npz,True,0.083,100,50,True,50,0.9960289001464844,dbscan,"{""eps"": 2.351011, ""metric"": ""euclidean"", ""min_samples"": 5}",11.648,,664,6813,0.13626,0.8870691657066345,5110.839390527443,0.4702303655614179,,,,0.6906890273094177,146.02343355337246,1.3073815798015416,,,,,,,scenario-1,optimal
word2vec,50000,123,10.366,103.27,cpu,word2vec_589eceec29fc785c,reports\week4_pilot\primary_optimal_seed123\cache\word2vec_589eceec29fc785c.npz,False,,100,50,True,50,0.995886504650116,dbscan,"{""eps"": 2.150507, ""metric"": ""euclidean"", ""min_samples"": 5}",9.194,,683,6853,0.13706,0.8889853358268738,6033.604577760285,0.4467425911683514,,,,0.6831737160682678,146.6025863123927,1.293758683522794,,,,,,,scenario-1,optimal
word2vec,50000,456,9.958,103.305,cpu,word2vec_286867f4fc67e1ed,reports\week4_pilot\primary_optimal_seed456\cache\word2vec_286867f4fc67e1ed.npz,False,,100,50,True,50,0.9962106347084044,dbscan,"{""eps"": 3.086135, ""metric"": ""euclidean"", ""min_samples"": 5}",10.522,,509,4647,0.09294,0.7240109443664551,1020.7327770231648,0.6768537203539262,,,,0.612053394317627,215.6256043440851,1.3189125964753814,,,,,,,scenario-1,optimal
word2vec,50000,789,10.815,103.384,cpu,word2vec_8a7c6936009c00d7,reports\week4_pilot\primary_optimal_seed789\cache\word2vec_8a7c6936009c00d7.npz,False,,100,50,True,50,0.9959251284599304,dbscan,"{""eps"": 1.942936, ""metric"": ""euclidean"", ""min_samples"": 5}",8.792,,641,7757,0.15514,0.9110289812088012,9420.913036612656,0.3816441521368851,,,,0.6842698454856873,137.6943186898951,1.2781469849745666,,,,,,,scenario-1,optimal
word2vec,50000,42,0.055,38.198,cpu,word2vec_da1df13ea1ae6270,reports\week2\cache\word2vec_da1df13ea1ae6270.npz,True,0.055,100,50,True,50,0.9960249066352844,hdbscan,"{""allow_single_cluster"": false, ""metric"": ""euclidean"", ""min_cluster_size"": 50, ""min_samples"": null}",60.418,,131,11693,0.23386,0.9169794917106628,4811.694293005985,2.42482772232499,,,,0.6009461879730225,330.9227384389572,2.9878766398979475,,,,,,,scenario-1,optimal
word2vec,50000,101,0.086,38.16,cpu,word2vec_00dd3b9a0f02577b,reports\week4_pilot\primary_optimal_seed101\cache\word2vec_00dd3b9a0f02577b.npz,True,0.083,100,50,True,50,0.9960289001464844,hdbscan,"{""allow_single_cluster"": false, ""metric"": ""euclidean"", ""min_cluster_size"": 50, ""min_samples"": null}",104.795,,131,11703,0.23406,0.9125378131866456,5166.353590788577,2.4763866352993835,,,,0.6033008694648743,323.7840792793683,3.014903885988822,,,,,,,scenario-1,optimal
word2vec,50000,123,10.366,103.27,cpu,word2vec_589eceec29fc785c,reports\week4_pilot\primary_optimal_seed123\cache\word2vec_589eceec29fc785c.npz,False,,100,50,True,50,0.995886504650116,hdbscan,"{""allow_single_cluster"": false, ""metric"": ""euclidean"", ""min_cluster_size"": 50, ""min_samples"": null}",88.26,,129,11600,0.232,0.9094730615615844,4813.926568472389,2.4640478270735584,,,,0.5904406905174255,322.5603891206989,3.064817103936452,,,,,,,scenario-1,optimal
word2vec,50000,456,9.958,103.305,cpu,word2vec_286867f4fc67e1ed,reports\week4_pilot\primary_optimal_seed456\cache\word2vec_286867f4fc67e1ed.npz,False,,100,50,True,50,0.9962106347084044,hdbscan,"{""allow_single_cluster"": false, ""metric"": ""euclidean"", ""min_cluster_size"": 50, ""min_samples"": null}",62.739,,126,12015,0.2403,0.9203651547431946,5200.500892058339,3.4654861237238044,,,,0.5923402905464172,313.17560051422254,3.9604756245404342,,,,,,,scenario-1,optimal
word2vec,50000,789,10.815,103.384,cpu,word2vec_8a7c6936009c00d7,reports\week4_pilot\primary_optimal_seed789\cache\word2vec_8a7c6936009c00d7.npz,False,,100,50,True,50,0.9959251284599304,hdbscan,"{""allow_single_cluster"": false, ""metric"": ""euclidean"", ""min_cluster_size"": 50, ""min_samples"": null}",61.832,,128,11936,0.23872,0.9184384942054749,5894.079193303282,2.664682309884724,,,,0.5964797735214233,310.9897788265225,3.207631519981996,,,,,,,scenario-1,optimal
word2vec,50000,42,0.055,38.198,cpu,word2vec_da1df13ea1ae6270,reports\week2\cache\word2vec_da1df13ea1ae6270.npz,True,0.055,100,50,True,50,0.9960249066352844,gmm,"{""covariance_type"": ""diag"", ""n_components"": 100, ""reg_covar"": 1e-06}",6.522,,100,0,0.0,0.6426795721054077,949.631209787783,2.282203879713073,-14768821.380294155,-14857892.321188414,,,,,,,,,,,scenario-1,optimal
word2vec,50000,101,0.086,38.16,cpu,word2vec_00dd3b9a0f02577b,reports\week4_pilot\primary_optimal_seed101\cache\word2vec_00dd3b9a0f02577b.npz,True,0.083,100,50,True,50,0.9960289001464844,gmm,"{""covariance_type"": ""diag"", ""n_components"": 100, ""reg_covar"": 1e-06}",8.47,,100,0,0.0,0.6322863101959229,953.2013909738894,2.299396544772403,-14060635.975230116,-14149706.916124376,,,,,,,,,,,scenario-1,optimal
word2vec,50000,123,10.366,103.27,cpu,word2vec_589eceec29fc785c,reports\week4_pilot\primary_optimal_seed123\cache\word2vec_589eceec29fc785c.npz,False,,100,50,True,50,0.995886504650116,gmm,"{""covariance_type"": ""diag"", ""n_components"": 100, ""reg_covar"": 1e-06}",11.548,,100,0,0.0,0.6179584264755249,941.9145445272592,2.265483455056564,-13773926.637700329,-13862997.578594586,,,,,,,,,,,scenario-1,optimal
word2vec,50000,456,9.958,103.305,cpu,word2vec_286867f4fc67e1ed,reports\week4_pilot\primary_optimal_seed456\cache\word2vec_286867f4fc67e1ed.npz,False,,100,50,True,50,0.9962106347084044,gmm,"{""covariance_type"": ""diag"", ""n_components"": 100, ""reg_covar"": 1e-06}",6.398,,100,0,0.0,0.6348990797996521,943.1375996777426,1.9153574902544053,-14858614.389919795,-14947685.330814056,,,,,,,,,,,scenario-1,optimal
word2vec,50000,789,10.815,103.384,cpu,word2vec_8a7c6936009c00d7,reports\week4_pilot\primary_optimal_seed789\cache\word2vec_8a7c6936009c00d7.npz,False,,100,50,True,50,0.9959251284599304,gmm,"{""covariance_type"": ""diag"", ""n_components"": 100, ""reg_covar"": 1e-06}",7.797,,100,0,0.0,0.6317650675773621,953.2601025792958,2.2597150961349386,-14689148.346220778,-14778219.287115036,,,,,,,,,,,scenario-1,optimal
doc2vec,50000,42,0.097,38.198,cpu,doc2vec_d22244dd639d469e,reports\week2\cache\doc2vec_d22244dd639d469e.npz,True,0.096,100,50,True,50,0.984565258026123,agglomerative,"{""linkage"": ""ward"", ""n_clusters"": 75}",81.638,,75,0,0.0,0.0017301815096288,303.24229011457226,2.3776368447002487,,,,,,,,,,,,,scenario-1,optimal
doc2vec,50000,101,0.113,38.16,cpu,doc2vec_44ec3b15280e95e5,reports\week4_pilot\primary_optimal_seed101\cache\doc2vec_44ec3b15280e95e5.npz,True,0.112,100,50,True,50,0.9842668771743774,agglomerative,"{""linkage"": ""ward"", ""n_clusters"": 2}",84.393,,2,0,0.0,0.8537863492965698,612.7516536501955,1.702047305498088,,,,,,,,,,,,,scenario-1,optimal
doc2vec,50000,123,61.048,101.514,cpu,doc2vec_38c655e3255f5cd6,reports\week4_pilot\primary_optimal_seed123\cache\doc2vec_38c655e3255f5cd6.npz,False,,100,50,True,50,0.9841358661651612,agglomerative,"{""linkage"": ""ward"", ""n_clusters"": 75}",87.933,,75,0,0.0,0.0009990653488785,299.75700047609394,2.5107823354155467,,,,,,,,,,,,,scenario-1,optimal
doc2vec,50000,456,61.778,101.515,cpu,doc2vec_f11108f8941aa57f,reports\week4_pilot\primary_optimal_seed456\cache\doc2vec_f11108f8941aa57f.npz,False,,100,50,True,50,0.9838088154792786,agglomerative,"{""linkage"": ""ward"", ""n_clusters"": 75}",85.818,,75,0,0.0,0.0016985608963295,294.75173149059134,2.474770223133465,,,,,,,,,,,,,scenario-1,optimal
doc2vec,50000,789,62.969,101.783,cpu,doc2vec_878507aae6ccc36c,reports\week4_pilot\primary_optimal_seed789\cache\doc2vec_878507aae6ccc36c.npz,False,,100,50,True,50,0.9841041564941406,agglomerative,"{""linkage"": ""ward"", ""n_clusters"": 2}",83.633,,2,0,0.0,0.8392994999885559,641.6845216305136,0.8303847871627595,,,,,,,,,,,,,scenario-1,optimal
doc2vec,50000,42,63.169,108.857,cpu,doc2vec_d22244dd639d469e,reports\week2\cache\doc2vec_d22244dd639d469e.npz,False,,100,50,True,50,0.984565258026123,kmeans,"{""n_clusters"": 2}",0.383,,2,0,0.0,0.1149683073163032,708.9502811518995,6.945008406631476,,,2465048.25,,,,,,,,,,scenario-1,optimal
doc2vec,50000,101,0.113,38.16,cpu,doc2vec_44ec3b15280e95e5,reports\week4_pilot\primary_optimal_seed101\cache\doc2vec_44ec3b15280e95e5.npz,True,0.112,100,50,True,50,0.9842668771743774,kmeans,"{""n_clusters"": 2}",0.657,,2,0,0.0,0.1204730942845344,709.4641213746735,6.949089582326985,,,2465023.5,,,,,,,,,,scenario-1,optimal
doc2vec,50000,123,61.048,101.514,cpu,doc2vec_38c655e3255f5cd6,reports\week4_pilot\primary_optimal_seed123\cache\doc2vec_38c655e3255f5cd6.npz,False,,100,50,True,50,0.9841358661651612,kmeans,"{""n_clusters"": 2}",0.611,,2,0,0.0,0.1617805808782577,711.4106400586329,5.509483633294593,,,2464927.25,,,,,,,,,,scenario-1,optimal
doc2vec,50000,456,61.778,101.515,cpu,doc2vec_f11108f8941aa57f,reports\week4_pilot\primary_optimal_seed456\cache\doc2vec_f11108f8941aa57f.npz,False,,100,50,True,50,0.9838088154792786,kmeans,"{""n_clusters"": 2}",0.678,,2,0,0.0,0.1531975269317627,716.3919647767964,5.509356690123309,,,2464685.25,,,,,,,,,,scenario-1,optimal
doc2vec,50000,789,62.969,101.783,cpu,doc2vec_878507aae6ccc36c,reports\week4_pilot\primary_optimal_seed789\cache\doc2vec_878507aae6ccc36c.npz,False,,100,50,True,50,0.9841041564941406,kmeans,"{""n_clusters"": 3}",0.851,,3,0,0.0,0.0219512451440095,676.5102691546716,5.927015305332238,,,2434128.5,,,,,,,,,,scenario-1,optimal
doc2vec,50000,42,0.109,38.159,cpu,doc2vec_d22244dd639d469e,reports\week2\cache\doc2vec_d22244dd639d469e.npz,True,0.108,100,50,True,50,0.984565258026123,dbscan,"{""eps"": 9.533955, ""metric"": ""euclidean"", ""min_samples"": 10}",386.407,,2,1637,0.03274,0.5350874066352844,49.55248094580283,0.7636678011925759,,,,0.4258873164653778,155.98931362782758,6.290817457535588,,,,,,,scenario-1,optimal
doc2vec,50000,101,0.113,38.16,cpu,doc2vec_44ec3b15280e95e5,reports\week4_pilot\primary_optimal_seed101\cache\doc2vec_44ec3b15280e95e5.npz,True,0.112,100,50,True,50,0.9842668771743774,dbscan,"{""eps"": 9.61765, ""metric"": ""euclidean"", ""min_samples"": 10}",422.047,,2,1679,0.03358,0.5740523934364319,132.43329643155732,0.7856215047903006,,,,0.526150107383728,190.3602479291926,6.225603744789351,,,,,,,scenario-1,optimal
doc2vec,50000,123,61.048,101.514,cpu,doc2vec_38c655e3255f5cd6,reports\week4_pilot\primary_optimal_seed123\cache\doc2vec_38c655e3255f5cd6.npz,False,,100,50,True,50,0.9841358661651612,dbscan,"{""eps"": 9.032842, ""metric"": ""euclidean"", ""min_samples"": 5}",332.515,,7,1906,0.03812,0.4967949092388153,44.27929844862476,0.7350223410776151,,,,0.4255046844482422,65.51549483142976,3.417054888066564,,,,,,,scenario-1,optimal
doc2vec,50000,456,61.778,101.515,cpu,doc2vec_f11108f8941aa57f,reports\week4_pilot\primary_optimal_seed456\cache\doc2vec_f11108f8941aa57f.npz,False,,100,50,True,50,0.9838088154792786,dbscan,"{""eps"": 9.607602, ""metric"": ""euclidean"", ""min_samples"": 10}",452.617,,2,1729,0.03458,0.5785675644874573,79.49774754050333,0.7333868973494805,,,,0.603837788105011,178.60067241004435,6.140135280687413,,,,,,,scenario-1,optimal
doc2vec,50000,789,62.969,101.783,cpu,doc2vec_878507aae6ccc36c,reports\week4_pilot\primary_optimal_seed789\cache\doc2vec_878507aae6ccc36c.npz,False,,100,50,True,50,0.9841041564941406,dbscan,"{""eps"": 8.989964, ""metric"": ""euclidean"", ""min_samples"": 5}",322.559,,9,1913,0.03826,0.4358333051204681,52.03941200015672,0.8207407935450778,,,,0.4007232785224914,61.79797109047369,3.1749773749068515,,,,,,,scenario-1,optimal
doc2vec,50000,42,0.109,38.159,cpu,doc2vec_d22244dd639d469e,reports\week2\cache\doc2vec_d22244dd639d469e.npz,True,0.108,100,50,True,50,0.984565258026123,hdbscan,"{""allow_single_cluster"": false, ""metric"": ""euclidean"", ""min_cluster_size"": 50, ""min_samples"": null}",136.425,,2,13296,0.26592,0.4028684198856354,205.67813589261127,0.986237122416781,,,,0.2129982411861419,146.962923309874,9.726484138683483,,,,,,,scenario-1,optimal
doc2vec,50000,101,0.113,38.16,cpu,doc2vec_44ec3b15280e95e5,reports\week4_pilot\primary_optimal_seed101\cache\doc2vec_44ec3b15280e95e5.npz,True,0.112,100,50,True,50,0.9842668771743774,hdbscan,"{""allow_single_cluster"": false, ""metric"": ""euclidean"", ""min_cluster_size"": 30, ""min_samples"": null}",160.297,,2,12312,0.24624,0.4337538182735443,279.5706461386492,0.9143376407409646,,,,0.2692451179027557,159.72444863226707,9.884649645859744,,,,,,,scenario-1,optimal
doc2vec,50000,123,61.048,101.514,cpu,doc2vec_38c655e3255f5cd6,reports\week4_pilot\primary_optimal_seed123\cache\doc2vec_38c655e3255f5cd6.npz,False,,100,50,True,50,0.9841358661651612,hdbscan,"{""allow_single_cluster"": false, ""metric"": ""euclidean"", ""min_cluster_size"": 30, ""min_samples"": null}",158.682,,2,11675,0.2335,0.4631422758102417,188.94647695437,0.8206905030779226,,,,0.2988077700138092,140.55714423739778,9.876830899721542,,,,,,,scenario-1,optimal
doc2vec,50000,456,61.778,101.515,cpu,doc2vec_f11108f8941aa57f,reports\week4_pilot\primary_optimal_seed456\cache\doc2vec_f11108f8941aa57f.npz,False,,100,50,True,50,0.9838088154792786,hdbscan,"{""allow_single_cluster"": false, ""metric"": ""euclidean"", ""min_cluster_size"": 30, ""min_samples"": null}",160.507,,2,12949,0.25898,0.4414168000221252,149.34409273522414,0.8254030313355417,,,,0.2745074331760406,133.16594319323536,9.862831244959432,,,,,,,scenario-1,optimal
doc2vec,50000,789,62.969,101.783,cpu,doc2vec_878507aae6ccc36c,reports\week4_pilot\primary_optimal_seed789\cache\doc2vec_878507aae6ccc36c.npz,False,,100,50,True,50,0.9841041564941406,hdbscan,"{""allow_single_cluster"": false, ""metric"": ""euclidean"", ""min_cluster_size"": 30, ""min_samples"": null}",151.606,,2,11944,0.23888,0.4677354395389557,216.58436361171803,0.8087518006884349,,,,0.2990812659263611,151.28737179362523,9.551521447169728,,,,,,,scenario-1,optimal
doc2vec,50000,42,63.169,108.857,cpu,doc2vec_d22244dd639d469e,reports\week2\cache\doc2vec_d22244dd639d469e.npz,False,,100,50,True,50,0.984565258026123,gmm,"{""covariance_type"": ""diag"", ""n_components"": 100, ""reg_covar"": 1e-06}",9.924,,100,0,0.0,-0.0648043602705001,219.0490695282839,4.133121913521687,4890654.521755908,4801583.580861649,,,,,,,,,,,scenario-1,optimal
doc2vec,50000,101,0.113,38.16,cpu,doc2vec_44ec3b15280e95e5,reports\week4_pilot\primary_optimal_seed101\cache\doc2vec_44ec3b15280e95e5.npz,True,0.112,100,50,True,50,0.9842668771743774,gmm,"{""covariance_type"": ""diag"", ""n_components"": 100, ""reg_covar"": 1e-06}",9.558,,100,0,0.0,-0.0663402825593948,223.7389478016705,3.9005778009712766,4940559.691908839,4851488.75101458,,,,,,,,,,,scenario-1,optimal
doc2vec,50000,123,61.048,101.514,cpu,doc2vec_38c655e3255f5cd6,reports\week4_pilot\primary_optimal_seed123\cache\doc2vec_38c655e3255f5cd6.npz,False,,100,50,True,50,0.9841358661651612,gmm,"{""covariance_type"": ""diag"", ""n_components"": 100, ""reg_covar"": 1e-06}",10.641,,100,0,0.0,-0.063488095998764,216.1782653251727,4.054548567596237,4915913.412778573,4826842.471884314,,,,,,,,,,,scenario-1,optimal
doc2vec,50000,456,61.778,101.515,cpu,doc2vec_f11108f8941aa57f,reports\week4_pilot\primary_optimal_seed456\cache\doc2vec_f11108f8941aa57f.npz,False,,100,50,True,50,0.9838088154792786,gmm,"{""covariance_type"": ""diag"", ""n_components"": 100, ""reg_covar"": 1e-06}",10.292,,100,0,0.0,-0.0634432435035705,222.7290338987293,3.674333385489075,4931090.987001566,4842020.046107307,,,,,,,,,,,scenario-1,optimal
doc2vec,50000,789,62.969,101.783,cpu,doc2vec_878507aae6ccc36c,reports\week4_pilot\primary_optimal_seed789\cache\doc2vec_878507aae6ccc36c.npz,False,,100,50,True,50,0.9841041564941406,gmm,"{""covariance_type"": ""diag"", ""n_components"": 100, ""reg_covar"": 1e-06}",9.974,,100,0,0.0,-0.0698550194501876,226.08724198328665,3.895783214333589,4846336.594143678,4757265.653249419,,,,,,,,,,,scenario-1,optimal
sbert,50000,42,0.247,146.533,cuda,sbert_971eb128b1741a38,reports\week2\cache\sbert_971eb128b1741a38.npz,True,0.247,384,50,True,50,0.898937463760376,agglomerative,"{""linkage"": ""ward"", ""n_clusters"": 100}",67.155,,100,0,0.0,0.5919038653373718,744.7867268428882,1.9001306606926025,,,,,,,,,,,,,scenario-1,optimal
sbert,50000,101,44.024,296.889,cuda,sbert_40b5c5f3a2872bb2,reports\week4_pilot\primary_optimal_seed101\cache\sbert_40b5c5f3a2872bb2.npz,False,,384,50,True,50,0.8987579345703125,agglomerative,"{""linkage"": ""ward"", ""n_clusters"": 100}",69.619,,100,0,0.0,0.5842353701591492,737.774871079738,1.876489413475872,,,,,,,,,,,,,scenario-1,optimal
sbert,50000,123,50.959,296.629,cuda,sbert_658a9b04a8388812,reports\week4_pilot\primary_optimal_seed123\cache\sbert_658a9b04a8388812.npz,False,,384,50,True,50,0.8991537094116211,agglomerative,"{""linkage"": ""ward"", ""n_clusters"": 100}",71.264,,100,0,0.0,0.5905853509902954,748.8725849700073,1.9790538586981483,,,,,,,,,,,,,scenario-1,optimal
sbert,50000,456,44.895,296.17,cuda,sbert_123cad9010d06951,reports\week4_pilot\primary_optimal_seed456\cache\sbert_123cad9010d06951.npz,False,,384,50,True,50,0.8991100192070007,agglomerative,"{""linkage"": ""ward"", ""n_clusters"": 100}",71.07,,100,0,0.0,0.586852490901947,739.8093232740323,1.8969722731894247,,,,,,,,,,,,,scenario-1,optimal
sbert,50000,789,46.131,296.589,cuda,sbert_1802175daf04b2cf,reports\week4_pilot\primary_optimal_seed789\cache\sbert_1802175daf04b2cf.npz,False,,384,50,True,50,0.8983054161071777,agglomerative,"{""linkage"": ""ward"", ""n_clusters"": 100}",67.614,,100,0,0.0,0.5874856114387512,742.8336888953213,1.8656636603472692,,,,,,,,,,,,,scenario-1,optimal
sbert,50000,42,49.073,296.858,cuda,sbert_971eb128b1741a38,reports\week2\cache\sbert_971eb128b1741a38.npz,False,,384,50,True,50,0.898937463760376,kmeans,"{""n_clusters"": 100}",6.193,,100,0,0.0,0.5827099084854126,809.699492011391,1.7674707058272272,,,959165.5,,,,,,,,,,scenario-1,optimal
sbert,50000,101,44.024,296.889,cuda,sbert_40b5c5f3a2872bb2,reports\week4_pilot\primary_optimal_seed101\cache\sbert_40b5c5f3a2872bb2.npz,False,,384,50,True,50,0.8987579345703125,kmeans,"{""n_clusters"": 100}",14.778,,100,0,0.0,0.5796132683753967,793.4093725135249,1.872988202055225,,,971211.6875,,,,,,,,,,scenario-1,optimal
sbert,50000,123,50.959,296.629,cuda,sbert_658a9b04a8388812,reports\week4_pilot\primary_optimal_seed123\cache\sbert_658a9b04a8388812.npz,False,,384,50,True,50,0.8991537094116211,kmeans,"{""n_clusters"": 100}",14.487,,100,0,0.0,0.572706401348114,811.8876638813108,1.7968832897311933,,,957573.8125,,,,,,,,,,scenario-1,optimal
sbert,50000,456,44.895,296.17,cuda,sbert_123cad9010d06951,reports\week4_pilot\primary_optimal_seed456\cache\sbert_123cad9010d06951.npz,False,,384,50,True,50,0.8991100192070007,kmeans,"{""n_clusters"": 100}",15.749,,100,0,0.0,0.5843588709831238,801.3817029854106,1.7617754705106046,,,965276.5625,,,,,,,,,,scenario-1,optimal
sbert,50000,789,46.131,296.589,cuda,sbert_1802175daf04b2cf,reports\week4_pilot\primary_optimal_seed789\cache\sbert_1802175daf04b2cf.npz,False,,384,50,True,50,0.8983054161071777,kmeans,"{""n_clusters"": 100}",15.202,,100,0,0.0,0.5833262205123901,805.818312610685,1.73397926221571,,,962009.875,,,,,,,,,,scenario-1,optimal
sbert,50000,42,49.073,296.858,cuda,sbert_971eb128b1741a38,reports\week2\cache\sbert_971eb128b1741a38.npz,False,,384,50,True,50,0.898937463760376,dbscan,"{""eps"": 9.138589, ""metric"": ""euclidean"", ""min_samples"": 10}",191.109,,20,747,0.01494,0.3692389130592346,185.70563268221235,0.7088887821634436,,,,0.3813406229019165,179.97542649046673,1.5796274354076414,,,,,,,scenario-1,optimal
sbert,50000,101,44.024,296.889,cuda,sbert_40b5c5f3a2872bb2,reports\week4_pilot\primary_optimal_seed101\cache\sbert_40b5c5f3a2872bb2.npz,False,,384,50,True,50,0.8987579345703125,dbscan,"{""eps"": 9.287814, ""metric"": ""euclidean"", ""min_samples"": 10}",321.347,,20,606,0.01212,0.389756977558136,174.59109706057905,0.7402160937207715,,,,0.3802859187126159,169.50596103083856,1.6002066045706675,,,,,,,scenario-1,optimal
sbert,50000,123,50.959,296.629,cuda,sbert_658a9b04a8388812,reports\week4_pilot\primary_optimal_seed123\cache\sbert_658a9b04a8388812.npz,False,,384,50,True,50,0.8991537094116211,dbscan,"{""eps"": 9.517062, ""metric"": ""euclidean"", ""min_samples"": 10}",356.101,,14,442,0.00884,0.4258699715137481,168.3205980905203,0.5951233225473099,,,,0.4131568372249603,163.94445933383767,1.5444481180377532,,,,,,,scenario-1,optimal
sbert,50000,456,44.895,296.17,cuda,sbert_123cad9010d06951,reports\week4_pilot\primary_optimal_seed456\cache\sbert_123cad9010d06951.npz,False,,384,50,True,50,0.8991100192070007,dbscan,"{""eps"": 5.176642, ""metric"": ""euclidean"", ""min_samples"": 5}",127.099,,404,7045,0.1409,0.3920484781265259,196.85130481501915,0.9081164790645396,,,,0.2884086370468139,96.69314689217038,1.285902407072724,,,,,,,scenario-1,optimal
sbert,50000,789,46.131,296.589,cuda,sbert_1802175daf04b2cf,reports\week4_pilot\primary_optimal_seed789\cache\sbert_1802175daf04b2cf.npz,False,,384,50,True,50,0.8983054161071777,dbscan,"{""eps"": 5.244751, ""metric"": ""euclidean"", ""min_samples"": 5}",117.325,,372,6968,0.13936,0.3838001489639282,208.5857681189468,0.9077857984335422,,,,0.2813774943351745,103.96611949223684,1.2790636528179036,,,,,,,scenario-1,optimal
sbert,50000,42,49.073,296.858,cuda,sbert_971eb128b1741a38,reports\week2\cache\sbert_971eb128b1741a38.npz,False,,384,50,True,50,0.898937463760376,hdbscan,"{""allow_single_cluster"": false, ""metric"": ""euclidean"", ""min_cluster_size"": 30, ""min_samples"": null}",71.5,,196,13857,0.27714,0.91632342338562,2716.324640038527,3.740596713163879,,,,0.5559483170509338,171.52928084684342,4.270410302092108,,,,,,,scenario-1,optimal
sbert,50000,101,44.024,296.889,cuda,sbert_40b5c5f3a2872bb2,reports\week4_pilot\primary_optimal_seed101\cache\sbert_40b5c5f3a2872bb2.npz,False,,384,50,True,50,0.8987579345703125,hdbscan,"{""allow_single_cluster"": false, ""metric"": ""euclidean"", ""min_cluster_size"": 30, ""min_samples"": null}",77.75,,187,14221,0.28442,0.9261206984519958,3088.62206654507,2.959671646976337,,,,0.5596799254417419,176.8720707649521,3.4142308604313327,,,,,,,scenario-1,optimal
sbert,50000,123,50.959,296.629,cuda,sbert_658a9b04a8388812,reports\week4_pilot\primary_optimal_seed123\cache\sbert_658a9b04a8388812.npz,False,,384,50,True,50,0.8991537094116211,hdbscan,"{""allow_single_cluster"": false, ""metric"": ""euclidean"", ""min_cluster_size"": 50, ""min_samples"": null}",138.448,,129,15286,0.30572,0.9242688417434692,3889.329694284889,4.0356016161833255,,,,0.5248147249221802,216.62752138299905,4.42476110216733,,,,,,,scenario-1,optimal
sbert,50000,456,44.895,296.17,cuda,sbert_123cad9010d06951,reports\week4_pilot\primary_optimal_seed456\cache\sbert_123cad9010d06951.npz,False,,384,50,True,50,0.8991100192070007,hdbscan,"{""allow_single_cluster"": false, ""metric"": ""euclidean"", ""min_cluster_size"": 30, ""min_samples"": null}",80.115,,192,14184,0.28368,0.9242053031921388,2958.449979963165,2.9903613513131013,,,,0.5504162907600403,172.13703880292564,3.462251959840236,,,,,,,scenario-1,optimal
sbert,50000,789,46.131,296.589,cuda,sbert_1802175daf04b2cf,reports\week4_pilot\primary_optimal_seed789\cache\sbert_1802175daf04b2cf.npz,False,,384,50,True,50,0.8983054161071777,hdbscan,"{""allow_single_cluster"": false, ""metric"": ""euclidean"", ""min_cluster_size"": 30, ""min_samples"": null}",72.785,,207,13819,0.27638,0.9193690419197084,2701.685574828404,3.5067742492318503,,,,0.5632506608963013,169.38661479994065,4.019898972055483,,,,,,,scenario-1,optimal
sbert,50000,42,49.073,296.858,cuda,sbert_971eb128b1741a38,reports\week2\cache\sbert_971eb128b1741a38.npz,False,,384,50,True,50,0.898937463760376,gmm,"{""covariance_type"": ""diag"", ""n_components"": 100, ""reg_covar"": 1e-06}",8.329,,100,0,0.0,0.5909072160720825,662.9661191734363,2.208945442035424,-13307511.917185633,-13396582.858079892,,,,,,,,,,,scenario-1,optimal
sbert,50000,101,44.024,296.889,cuda,sbert_40b5c5f3a2872bb2,reports\week4_pilot\primary_optimal_seed101\cache\sbert_40b5c5f3a2872bb2.npz,False,,384,50,True,50,0.8987579345703125,gmm,"{""covariance_type"": ""diag"", ""n_components"": 100, ""reg_covar"": 1e-06}",10.196,,100,0,0.0,0.5739774703979492,624.619685583933,2.169313385892479,-13567356.860419065,-13656427.801313324,,,,,,,,,,,scenario-1,optimal
sbert,50000,123,50.959,296.629,cuda,sbert_658a9b04a8388812,reports\week4_pilot\primary_optimal_seed123\cache\sbert_658a9b04a8388812.npz,False,,384,50,True,50,0.8991537094116211,gmm,"{""covariance_type"": ""diag"", ""n_components"": 100, ""reg_covar"": 1e-06}",9.224,,100,0,0.0,0.5847985744476318,670.7491040034929,2.165594441840379,-13141994.179165885,-13231065.120060142,,,,,,,,,,,scenario-1,optimal
sbert,50000,456,44.895,296.17,cuda,sbert_123cad9010d06951,reports\week4_pilot\primary_optimal_seed456\cache\sbert_123cad9010d06951.npz,False,,384,50,True,50,0.8991100192070007,gmm,"{""covariance_type"": ""diag"", ""n_components"": 100, ""reg_covar"": 1e-06}",9.026,,100,0,0.0,0.5746285319328308,641.633993300803,2.213396920161854,-12933869.733573914,-13022940.674468173,,,,,,,,,,,scenario-1,optimal
sbert,50000,789,46.131,296.589,cuda,sbert_1802175daf04b2cf,reports\week4_pilot\primary_optimal_seed789\cache\sbert_1802175daf04b2cf.npz,False,,384,50,True,50,0.8983054161071777,gmm,"{""covariance_type"": ""diag"", ""n_components"": 100, ""reg_covar"": 1e-06}",6.845,,100,0,0.0,0.5841731429100037,655.4215533537739,2.232364366337309,-13710002.376575692,-13799073.317469953,,,,,,,,,,,scenario-1,optimal
